Order_ID,Order_Date,Customer_Name,State,City,Category,Sub_Category,Quantity,Unit_Price_INR,Discount_Percent,Sales_INR,Profit_INR,Payment_Mode,Order_Status,Month,Quarter,Profit_Margin_Percent
ORD100001,2024-04-09,Kavya Nair,Delhi,Delhi,Sports,Running Shoes,2,5788.3,5,10997.77,3243.45,UPI,Cancelled,April,Q2,29.49
ORD100002,2024-08-23,Manish Jain,Rajasthan,Udaipur,Electronics,Smart Watch,1,11354.8,5,10787.06,1448.01,UPI,Delivered,August,Q3,13.42
ORD100003,2024-11-15,Rahul Kumar,Uttar Pradesh,Agra,Electronics,Smart Watch,4,11724.43,10,42207.95,5708.52,UPI,Delivered,November,Q4,13.52
ORD100004,2024-04-01,Kiran Yadav,Andhra Pradesh,Vijayawada,Electronics,Laptop,2,91933.13,10,165479.63,23058.5,UPI,Delivered,April,Q2,13.93
ORD100005,2024-09-16,Divya Sahu,Rajasthan,Udaipur,Clothing,Kurta,2,2791.44,5,5303.74,1503.46,Credit Card,Delivered,September,Q3,28.35
ORD100006,2024-07-26,Sanjay Mehta,Kerala,Thiruvananthapuram,Clothing,Saree,4,4667.82,0,18671.28,5909.73,UPI,Delivered,July,Q3,31.65
ORD100007,2024-01-09,Aarav Sharma,Tamil Nadu,Chennai,Home & Kitchen,Mixer Grinder,2,3120.39,5,5928.74,1453.33,UPI,Delivered,January,Q1,24.51
ORD100008,2024-05-14,Aditya Rao,Karnataka,Mangaluru,Beauty,Face Wash,1,697.94,15,593.25,182.47,Credit Card,Delivered,May,Q2,30.76
ORD100009,2024-09-13,Arjun Patel,West Bengal,Durgapur,Electronics,Tablet,3,35536.22,15,90617.36,12557.82,UPI,Delivered,September,Q3,13.86
ORD100010,2024-08-28,Swati Kapoor,Gujarat,Vadodara,Electronics,Headphones,4,4563.68,0,18254.72,2434.61,UPI,Cancelled,August,Q3,13.34
ORD100011,2024-03-06,Pooja Mishra,Gujarat,Surat,Electronics,Tablet,2,28894.44,5,54899.44,7648.22,UPI,Delivered,March,Q1,13.93
ORD100012,2024-08-18,Aarav Sharma,Kerala,Kochi,Electronics,Smart Watch,2,9938.56,10,17889.41,2281.36,UPI,Delivered,August,Q3,12.75
ORD100013,2024-11-02,Pooja Mishra,Tamil Nadu,Madurai,Clothing,Saree,1,3244.9,0,3244.9,900.9,Credit Card,Delivered,November,Q4,27.76
ORD100014,2024-04-22,Arjun Patel,Telangana,Hyderabad,Electronics,Smartphone,3,29364.96,20,70475.9,9625.26,UPI,Delivered,April,Q2,13.66
ORD100015,2024-02-22,Neha Gupta,Tamil Nadu,Chennai,Electronics,Laptop,3,65160.74,0,195482.22,27268.14,Debit Card,Delivered,February,Q1,13.95
ORD100016,2024-08-27,Meera Iyer,Uttar Pradesh,Kanpur,Electronics,Smart Watch,1,2348.96,5,2231.51,107.69,Credit Card,Returned,August,Q3,4.83
ORD100017,2024-12-17,Rohan Verma,Andhra Pradesh,Visakhapatnam,Clothing,Jacket,2,5362.61,10,9652.7,3065.05,Credit Card,Delivered,December,Q4,31.75
ORD100018,2024-04-08,Rohan Verma,Karnataka,Bengaluru,Clothing,Jeans,1,3078.05,5,2924.15,889.63,Cash on Delivery,Cancelled,April,Q2,30.42
ORD100019,2024-01-09,Aditya Rao,West Bengal,Durgapur,Sports,Yoga Mat,1,1247.44,20,997.95,57.34,Credit Card,Cancelled,January,Q1,5.75
ORD100020,2024-12-05,Rahul Kumar,Telangana,Warangal,Beauty,Hair Dryer,1,3206.42,10,2885.78,1028.39,UPI,Cancelled,December,Q4,35.64
ORD100021,2024-06-09,Priya Das,Delhi,Delhi,Sports,Cricket Bat,3,1553.15,10,4193.5,1078.91,Debit Card,Delivered,June,Q2,25.73
ORD100022,2024-06-06,Sneha Reddy,Tamil Nadu,Chennai,Electronics,Headphones,1,5534.81,10,4981.33,560.36,Debit Card,Delivered,June,Q2,11.25
ORD100023,2024-11-12,Meera Iyer,Haryana,Gurugram,Sports,Running Shoes,2,3889.17,10,7000.51,1947.47,Credit Card,Delivered,November,Q4,27.82
ORD100024,2024-10-06,Manish Jain,Tamil Nadu,Madurai,Beauty,Face Wash,3,896.19,20,2150.86,565.4,Credit Card,Delivered,October,Q4,26.29
ORD100025,2024-10-07,Pooja Mishra,Gujarat,Vadodara,Sports,Cricket Bat,2,2291.14,5,4353.17,1090.19,UPI,Delivered,October,Q4,25.04
ORD100026,2024-04-13,Aarav Sharma,Punjab,Ludhiana,Sports,Football,3,1730.01,5,4930.53,1400.7,UPI,Delivered,April,Q2,28.41
ORD100027,2024-11-08,Priya Das,Karnataka,Mysuru,Clothing,Jacket,1,2834.3,15,2409.16,551.5,Cash on Delivery,Delivered,November,Q4,22.89
ORD100028,2024-06-01,Manish Jain,Kerala,Kochi,Electronics,Smart Watch,4,10809.48,5,41076.02,5709.03,Credit Card,Delivered,June,Q2,13.9
ORD100029,2024-09-18,Sanjay Mehta,Maharashtra,Pune,Clothing,Kurta,1,992.24,15,843.4,187.43,Net Banking,Delivered,September,Q3,22.22
ORD100030,2024-04-01,Arjun Patel,Karnataka,Mysuru,Clothing,Saree,1,1969.92,10,1772.93,473.06,Cash on Delivery,Delivered,April,Q2,26.68
ORD100031,2024-02-17,Kavya Nair,Karnataka,Mysuru,Beauty,Face Wash,1,681.95,5,647.85,183.72,UPI,Delivered,February,Q1,28.36
ORD100032,2024-10-11,Isha Joshi,Punjab,Amritsar,Sports,Fitness Band,4,3446.88,0,13787.52,3986.07,UPI,Delivered,October,Q4,28.91
ORD100033,2024-12-22,Pooja Mishra,Maharashtra,Nagpur,Electronics,Smart Watch,1,3340.97,15,2839.82,191.98,Credit Card,Delivered,December,Q4,6.76
ORD100034,2024-12-01,Ananya Singh,Punjab,Ludhiana,Electronics,Laptop,1,72551.59,10,65296.43,8997.44,Debit Card,Delivered,December,Q4,13.78
ORD100035,2024-03-05,Aarav Sharma,Maharashtra,Nagpur,Beauty,Hair Dryer,2,1909.24,0,3818.48,1206.26,Cash on Delivery,Delivered,March,Q1,31.59
ORD100036,2024-09-20,Pooja Mishra,West Bengal,Kolkata,Electronics,Tablet,3,17510.62,0,52531.86,7312.74,Debit Card,Delivered,September,Q3,13.92
ORD100037,2024-09-05,Priya Das,Maharashtra,Pune,Electronics,Smart Watch,1,8775.35,10,7897.82,883.88,Debit Card,Shipped,September,Q3,11.19
ORD100038,2024-02-06,Neha Gupta,Karnataka,Bengaluru,Clothing,Kurta,2,2978.16,5,5658.5,1612.15,Credit Card,Cancelled,February,Q1,28.49
ORD100039,2024-07-05,Akash Roy,Delhi,Delhi,Home & Kitchen,Mixer Grinder,3,2919.71,15,7445.26,1799.56,Cash on Delivery,Delivered,July,Q3,24.17
ORD100040,2024-05-23,Arjun Patel,Delhi,Delhi,Electronics,Smartphone,1,48427.16,5,46005.8,6202.3,Net Banking,Delivered,May,Q2,13.48
ORD100041,2024-08-10,Arjun Patel,Tamil Nadu,Chennai,Clothing,Jacket,4,4885.69,15,16611.35,5269.54,Net Banking,Returned,August,Q3,31.72
ORD100042,2024-05-20,Kavya Nair,Madhya Pradesh,Indore,Clothing,Jeans,1,3418.5,15,2905.72,767.64,UPI,Delivered,May,Q2,26.42
ORD100043,2024-05-24,Rohan Verma,Maharashtra,Pune,Sports,Football,2,662.7,5,1259.13,224.04,Cash on Delivery,Cancelled,May,Q2,17.79
ORD100044,2024-05-05,Rahul Kumar,Haryana,Faridabad,Clothing,Saree,2,1684.3,5,3200.17,841.88,UPI,Delivered,May,Q2,26.31
ORD100045,2024-07-09,Manish Jain,Tamil Nadu,Coimbatore,Clothing,Jeans,2,2826.53,15,4805.1,1346.46,Debit Card,Delivered,July,Q3,28.02
ORD100046,2024-08-16,Priya Das,Maharashtra,Mumbai,Electronics,Laptop,2,35729.27,0,71458.54,9779.23,Credit Card,Returned,August,Q3,13.69
ORD100047,2024-01-12,Pooja Mishra,Gujarat,Ahmedabad,Clothing,T-Shirt,4,703.53,10,2532.71,646.13,Credit Card,Cancelled,January,Q1,25.51
ORD100048,2024-08-07,Arjun Patel,Haryana,Faridabad,Clothing,Saree,1,3146.83,5,2989.49,829.99,Credit Card,Delivered,August,Q3,27.76
ORD100049,2024-09-09,Sneha Reddy,Haryana,Faridabad,Clothing,T-Shirt,2,791.67,15,1345.84,253.18,UPI,Cancelled,September,Q3,18.81
ORD100050,2024-03-05,Divya Sahu,Punjab,Ludhiana,Home & Kitchen,Mixer Grinder,3,3765.74,15,9602.64,2466.29,UPI,Delivered,March,Q1,25.68
ORD100051,2024-11-06,Sneha Reddy,Haryana,Gurugram,Clothing,Jeans,3,1890.32,15,4820.32,1391.61,UPI,Delivered,November,Q4,28.87
ORD100052,2024-12-31,Aarav Sharma,Rajasthan,Jaipur,Sports,Running Shoes,2,4554.87,10,8198.77,2265.5,Credit Card,Delivered,December,Q4,27.63
ORD100053,2024-04-27,Rahul Kumar,Haryana,Gurugram,Electronics,Smartphone,1,40883.13,5,38838.97,5391.34,Debit Card,Delivered,April,Q2,13.88
ORD100054,2024-12-06,Isha Joshi,Uttar Pradesh,Lucknow,Clothing,Jacket,1,1897.84,10,1708.06,495.76,UPI,Delivered,December,Q4,29.02
ORD100055,2024-11-03,Sneha Reddy,Rajasthan,Jaipur,Sports,Yoga Mat,1,1968.74,10,1771.87,421.34,Credit Card,Cancelled,November,Q4,23.78
ORD100056,2024-12-05,Arjun Patel,Uttar Pradesh,Agra,Clothing,Jeans,2,3142.15,15,5341.66,1583.68,Cash on Delivery,Shipped,December,Q4,29.65
ORD100057,2024-01-08,Priya Das,Haryana,Gurugram,Clothing,Kurta,1,2033.19,0,2033.19,600.98,UPI,Delivered,January,Q1,29.56
ORD100058,2024-06-18,Sneha Reddy,Karnataka,Bengaluru,Sports,Running Shoes,1,4333.8,10,3900.42,1098.64,Cash on Delivery,Delivered,June,Q2,28.17
ORD100059,2024-08-26,Vikram Shah,Maharashtra,Mumbai,Clothing,Jeans,1,1234.75,10,1111.28,326.57,Cash on Delivery,Delivered,August,Q3,29.39
ORD100060,2024-01-14,Isha Joshi,Punjab,Amritsar,Electronics,Smart Watch,1,9965.11,10,8968.6,1008.76,Credit Card,Cancelled,January,Q1,11.25
ORD100061,2024-09-30,Sneha Reddy,Uttar Pradesh,Lucknow,Electronics,Headphones,4,2617.55,10,9423.18,1105.02,Debit Card,Delivered,September,Q3,11.73
ORD100062,2024-05-24,Sanjay Mehta,Gujarat,Vadodara,Electronics,Tablet,4,16379.94,5,62243.77,8645.49,UPI,Delivered,May,Q2,13.89
ORD100063,2024-03-23,Pooja Mishra,Gujarat,Surat,Beauty,Makeup Kit,2,2230.58,10,4015.04,1330.59,Debit Card,Delivered,March,Q1,33.14
ORD100064,2024-07-16,Sneha Reddy,Tamil Nadu,Coimbatore,Sports,Football,1,988.71,20,790.97,77.96,UPI,Delivered,July,Q3,9.86
ORD100065,2024-08-07,Vikram Shah,Tamil Nadu,Coimbatore,Electronics,Smartphone,1,15450.05,0,15450.05,1982.71,Net Banking,Cancelled,August,Q3,12.83
ORD100066,2024-11-21,Priya Das,Andhra Pradesh,Visakhapatnam,Sports,Running Shoes,1,6014.74,10,5413.27,1472.51,UPI,Shipped,November,Q4,27.2
ORD100067,2024-12-21,Sanjay Mehta,Delhi,Delhi,Clothing,T-Shirt,1,1141.78,10,1027.6,242.45,Credit Card,Delivered,December,Q4,23.59
ORD100068,2024-04-10,Aditya Rao,Gujarat,Ahmedabad,Clothing,Jeans,1,2326.37,20,1861.1,501.41,Cash on Delivery,Delivered,April,Q2,26.94
ORD100069,2024-05-16,Ananya Singh,Madhya Pradesh,Indore,Clothing,Kurta,1,1502.4,15,1277.04,217.08,Credit Card,Cancelled,May,Q2,17.0
ORD100070,2024-01-05,Akash Roy,Karnataka,Mangaluru,Sports,Yoga Mat,1,1746.93,15,1484.89,379.09,UPI,Delivered,January,Q1,25.53
ORD100071,2024-05-04,Sneha Reddy,Rajasthan,Udaipur,Sports,Cricket Bat,1,10710.61,10,9639.55,2767.92,Debit Card,Cancelled,May,Q2,28.71
ORD100072,2024-07-16,Sneha Reddy,Gujarat,Vadodara,Clothing,T-Shirt,4,897.51,5,3410.54,946.36,Cash on Delivery,Delivered,July,Q3,27.75
ORD100073,2024-04-06,Arjun Patel,Telangana,Hyderabad,Clothing,Saree,2,5805.35,10,10449.63,3153.35,Credit Card,Returned,April,Q2,30.18
ORD100074,2024-12-30,Swati Kapoor,Kerala,Kochi,Electronics,Laptop,1,80747.52,15,68635.39,9565.28,Credit Card,Delivered,December,Q4,13.94
ORD100075,2024-10-18,Vikram Shah,Delhi,Delhi,Beauty,Makeup Kit,2,2253.62,10,4056.52,1315.3,Debit Card,Delivered,October,Q4,32.42
ORD100076,2024-04-13,Vikram Shah,Gujarat,Vadodara,Sports,Football,2,2394.57,15,4070.77,1169.23,UPI,Delivered,April,Q2,28.72
ORD100077,2024-01-29,Isha Joshi,Punjab,Ludhiana,Sports,Fitness Band,4,4690.0,5,17822.0,5194.05,Debit Card,Delivered,January,Q1,29.14
ORD100078,2024-02-24,Akash Roy,Punjab,Ludhiana,Sports,Cricket Bat,2,2689.0,5,5109.1,1469.88,Cash on Delivery,Delivered,February,Q1,28.77
ORD100079,2024-03-30,Vikram Shah,Gujarat,Ahmedabad,Clothing,Jacket,2,3008.39,15,5114.26,1477.71,UPI,Delivered,March,Q1,28.89
ORD100080,2024-06-28,Sneha Reddy,Punjab,Amritsar,Clothing,Jeans,1,3287.98,0,3287.98,822.22,UPI,Delivered,June,Q2,25.01
ORD100081,2024-05-27,Kavya Nair,Maharashtra,Mumbai,Clothing,Kurta,2,2154.21,5,4093.0,1171.27,Net Banking,Delivered,May,Q2,28.62
ORD100082,2024-05-23,Kavya Nair,Uttar Pradesh,Lucknow,Clothing,Kurta,1,1182.78,5,1123.64,231.87,Debit Card,Delivered,May,Q2,20.64
ORD100083,2024-09-20,Rohan Verma,Gujarat,Ahmedabad,Beauty,Skin Care Kit,2,2168.29,10,3902.92,1309.77,Cash on Delivery,Delivered,September,Q3,33.56
ORD100084,2024-11-08,Rahul Kumar,Madhya Pradesh,Bhopal,Electronics,Laptop,4,59524.05,20,190476.96,26453.62,Cash on Delivery,Delivered,November,Q4,13.89
ORD100085,2024-03-28,Isha Joshi,Tamil Nadu,Madurai,Clothing,T-Shirt,1,1519.88,15,1291.9,265.36,Debit Card,Shipped,March,Q1,20.54
ORD100086,2024-09-19,Aarav Sharma,West Bengal,Durgapur,Beauty,Hair Dryer,3,3355.47,5,9563.09,3450.92,Cash on Delivery,Delivered,September,Q3,36.09
ORD100087,2024-07-13,Neha Gupta,Karnataka,Mangaluru,Electronics,Headphones,2,4997.9,10,8996.22,1030.03,Debit Card,Delivered,July,Q3,11.45
ORD100088,2024-06-06,Isha Joshi,Andhra Pradesh,Vijayawada,Clothing,T-Shirt,2,1010.58,5,1920.1,370.29,Cash on Delivery,Delivered,June,Q2,19.28
ORD100089,2024-01-04,Sanjay Mehta,Uttar Pradesh,Lucknow,Clothing,T-Shirt,1,776.15,10,698.54,144.22,UPI,Shipped,January,Q1,20.65
ORD100090,2024-03-16,Pooja Mishra,Rajasthan,Jaipur,Electronics,Laptop,1,66779.7,10,60101.73,8331.21,Credit Card,Delivered,March,Q1,13.86
ORD100091,2024-07-08,Isha Joshi,Karnataka,Mangaluru,Sports,Running Shoes,2,4785.77,10,8614.39,2450.63,Credit Card,Shipped,July,Q3,28.45
ORD100092,2024-04-22,Rohan Verma,Maharashtra,Pune,Home & Kitchen,Bedsheet,1,771.64,5,733.06,81.06,UPI,Delivered,April,Q2,11.06
ORD100093,2024-12-30,Vikram Shah,West Bengal,Durgapur,Clothing,Jacket,1,3676.9,0,3676.9,1096.29,Debit Card,Delivered,December,Q4,29.82
ORD100094,2024-10-17,Rahul Kumar,Telangana,Warangal,Clothing,T-Shirt,1,505.19,10,454.67,-36.64,Debit Card,Delivered,October,Q4,-8.06
ORD100095,2024-11-06,Manish Jain,Maharashtra,Nagpur,Electronics,Laptop,2,41185.62,0,82371.24,11300.99,UPI,Returned,November,Q4,13.72
ORD100096,2024-03-29,Neha Gupta,Karnataka,Mysuru,Sports,Running Shoes,2,5527.24,15,9396.31,2632.35,Debit Card,Returned,March,Q1,28.01
ORD100097,2024-09-26,Kiran Yadav,Tamil Nadu,Coimbatore,Electronics,Laptop,1,37365.61,10,33629.05,4458.22,Credit Card,Delivered,September,Q3,13.26
ORD100098,2024-04-12,Manish Jain,Rajasthan,Jaipur,Electronics,Laptop,2,60305.76,10,108550.37,14978.78,Cash on Delivery,Delivered,April,Q2,13.8
ORD100099,2024-01-15,Manish Jain,West Bengal,Durgapur,Electronics,Smart Watch,1,6551.15,10,5896.04,727.27,Debit Card,Delivered,January,Q1,12.33
ORD100100,2024-09-07,Sanjay Mehta,Gujarat,Surat,Clothing,Jeans,2,2252.44,10,4054.39,1223.82,UPI,Cancelled,September,Q3,30.19
ORD100101,2024-08-26,Pooja Mishra,Uttar Pradesh,Agra,Electronics,Smart Watch,1,2053.18,10,1847.86,128.33,Debit Card,Cancelled,August,Q3,6.94
ORD100102,2024-10-19,Meera Iyer,Maharashtra,Nagpur,Clothing,Jacket,1,4795.22,0,4795.22,1432.91,UPI,Delivered,October,Q4,29.88
ORD100103,2024-07-16,Rohan Verma,Maharashtra,Pune,Electronics,Smartphone,2,28840.1,5,54796.19,7432.98,Cash on Delivery,Delivered,July,Q3,13.56
ORD100104,2024-08-30,Sanjay Mehta,Odisha,Cuttack,Home & Kitchen,Storage Box,4,1487.02,20,4758.46,1163.92,Net Banking,Delivered,August,Q3,24.46
ORD100105,2024-06-25,Aditya Rao,Maharashtra,Nagpur,Electronics,Laptop,1,37203.92,15,31623.33,4326.74,UPI,Returned,June,Q2,13.68
ORD100106,2024-09-25,Kiran Yadav,Punjab,Ludhiana,Clothing,Kurta,1,1611.36,10,1450.22,214.91,Cash on Delivery,Delivered,September,Q3,14.82
ORD100107,2024-06-18,Aditya Rao,Maharashtra,Pune,Beauty,Perfume,1,4485.34,5,4261.07,1446.96,UPI,Shipped,June,Q2,33.96
ORD100108,2024-02-06,Meera Iyer,Telangana,Hyderabad,Clothing,Kurta,2,1347.2,5,2559.68,739.35,Debit Card,Delivered,February,Q1,28.88
ORD100109,2024-12-12,Sanjay Mehta,Rajasthan,Jaipur,Sports,Football,3,1490.29,10,4023.78,997.46,Credit Card,Delivered,December,Q4,24.79
ORD100110,2024-12-21,Sneha Reddy,Tamil Nadu,Coimbatore,Clothing,Saree,1,6133.37,5,5826.7,1767.72,UPI,Cancelled,December,Q4,30.34
ORD100111,2024-03-22,Priya Das,Karnataka,Bengaluru,Sports,Football,4,1430.94,15,4865.2,1409.92,UPI,Delivered,March,Q1,28.98
ORD100112,2024-12-09,Sanjay Mehta,Gujarat,Ahmedabad,Clothing,Jeans,3,1646.3,5,4691.95,1352.66,UPI,Delivered,December,Q4,28.83
ORD100113,2024-07-14,Swati Kapoor,Kerala,Thiruvananthapuram,Electronics,Laptop,1,60934.45,5,57887.73,7938.78,Net Banking,Delivered,July,Q3,13.71
ORD100114,2024-11-01,Isha Joshi,Rajasthan,Udaipur,Sports,Cricket Bat,1,9595.34,10,8635.81,2491.19,Debit Card,Delivered,November,Q4,28.85
ORD100115,2024-02-27,Ananya Singh,Haryana,Gurugram,Clothing,Kurta,2,999.2,5,1898.48,572.42,Cash on Delivery,Delivered,February,Q1,30.15
ORD100116,2024-06-23,Isha Joshi,Tamil Nadu,Chennai,Sports,Running Shoes,4,3982.63,10,14337.47,4091.28,UPI,Shipped,June,Q2,28.54
ORD100117,2024-05-26,Arjun Patel,Tamil Nadu,Madurai,Electronics,Smartphone,2,53419.18,10,96154.52,13232.44,Cash on Delivery,Returned,May,Q2,13.76
ORD100118,2024-03-12,Isha Joshi,Haryana,Gurugram,Clothing,Jeans,1,1454.07,10,1308.66,314.01,Cash on Delivery,Delivered,March,Q1,23.99
ORD100119,2024-02-15,Kiran Yadav,Karnataka,Bengaluru,Beauty,Perfume,2,4348.09,0,8696.18,3014.32,UPI,Cancelled,February,Q1,34.66
ORD100120,2024-04-26,Ananya Singh,Uttar Pradesh,Kanpur,Home & Kitchen,Air Fryer,1,5109.01,5,4853.56,1128.86,UPI,Delivered,April,Q2,23.26
ORD100121,2024-01-11,Sanjay Mehta,Kerala,Kochi,Sports,Cricket Bat,1,1622.02,10,1459.82,326.97,Net Banking,Delivered,January,Q1,22.4
ORD100122,2024-03-26,Swati Kapoor,Madhya Pradesh,Bhopal,Beauty,Perfume,1,2818.13,5,2677.22,743.64,UPI,Delivered,March,Q1,27.78
ORD100123,2024-04-12,Ananya Singh,Telangana,Warangal,Electronics,Smart Watch,1,2260.37,0,2260.37,215.81,UPI,Delivered,April,Q2,9.55
ORD100124,2024-01-09,Sneha Reddy,Haryana,Faridabad,Home & Kitchen,Cookware Set,1,4321.47,5,4105.4,1023.35,Debit Card,Delivered,January,Q1,24.93
ORD100125,2024-03-24,Meera Iyer,West Bengal,Kolkata,Clothing,Jeans,1,3331.52,10,2998.37,759.29,Debit Card,Delivered,March,Q1,25.32
ORD100126,2024-01-25,Sanjay Mehta,Gujarat,Surat,Beauty,Perfume,2,971.17,10,1748.11,608.03,UPI,Delivered,January,Q1,34.78
ORD100127,2024-07-29,Arjun Patel,West Bengal,Kolkata,Sports,Yoga Mat,2,1590.85,15,2704.44,639.83,Credit Card,Delivered,July,Q3,23.66
ORD100128,2024-10-31,Swati Kapoor,Haryana,Gurugram,Clothing,Saree,1,2357.35,5,2239.48,600.4,UPI,Shipped,October,Q4,26.81
ORD100129,2024-08-15,Ananya Singh,West Bengal,Durgapur,Clothing,Saree,1,4128.1,15,3508.88,969.75,Credit Card,Delivered,August,Q3,27.64
ORD100130,2024-08-12,Rahul Kumar,Gujarat,Surat,Home & Kitchen,Bedsheet,3,1725.47,5,4917.59,1170.29,Credit Card,Shipped,August,Q3,23.8
ORD100131,2024-11-11,Kiran Yadav,Kerala,Thiruvananthapuram,Sports,Football,3,975.09,10,2632.74,674.82,UPI,Delivered,November,Q4,25.63
ORD100132,2024-06-12,Sanjay Mehta,Gujarat,Vadodara,Clothing,Jeans,1,1147.68,5,1090.3,105.93,UPI,Delivered,June,Q2,9.72
ORD100133,2024-09-20,Vikram Shah,Tamil Nadu,Madurai,Electronics,Headphones,1,3982.58,10,3584.32,327.85,UPI,Delivered,September,Q3,9.15
ORD100134,2024-02-13,Kiran Yadav,Punjab,Amritsar,Electronics,Smart Watch,1,5483.27,10,4934.94,518.22,Credit Card,Shipped,February,Q1,10.5
ORD100135,2024-02-04,Sneha Reddy,Andhra Pradesh,Visakhapatnam,Clothing,Saree,1,2764.55,0,2764.55,811.5,UPI,Delivered,February,Q1,29.35
ORD100136,2024-08-04,Divya Sahu,Karnataka,Mangaluru,Clothing,T-Shirt,2,1218.54,0,2437.08,532.94,Net Banking,Delivered,August,Q3,21.87
ORD100137,2024-08-21,Kavya Nair,Haryana,Gurugram,Clothing,Kurta,2,1824.35,10,3283.83,1001.91,UPI,Delivered,August,Q3,30.51
ORD100138,2024-04-23,Divya Sahu,Haryana,Gurugram,Home & Kitchen,Storage Box,2,832.5,20,1332.0,267.6,Debit Card,Returned,April,Q2,20.09
ORD100139,2024-02-22,Meera Iyer,West Bengal,Durgapur,Beauty,Face Wash,1,221.27,10,199.14,-101.92,UPI,Delivered,February,Q1,-51.18
ORD100140,2024-09-01,Sanjay Mehta,West Bengal,Durgapur,Clothing,Jeans,3,3498.48,5,9970.67,2971.33,Net Banking,Delivered,September,Q3,29.8
ORD100141,2024-12-04,Sanjay Mehta,Tamil Nadu,Madurai,Beauty,Makeup Kit,2,3201.65,10,5762.97,1926.49,Cash on Delivery,Shipped,December,Q4,33.43
ORD100142,2024-10-31,Manish Jain,Kerala,Thiruvananthapuram,Electronics,Smartphone,1,26120.39,5,24814.37,3362.89,Debit Card,Delivered,October,Q4,13.55
ORD100143,2024-10-30,Ananya Singh,Uttar Pradesh,Kanpur,Electronics,Headphones,3,2012.8,10,5434.56,634.23,Credit Card,Cancelled,October,Q4,11.67
ORD100144,2024-12-08,Sneha Reddy,Uttar Pradesh,Lucknow,Beauty,Face Wash,1,466.14,10,419.53,78.63,Credit Card,Delivered,December,Q4,18.74
ORD100145,2024-07-21,Akash Roy,Madhya Pradesh,Bhopal,Sports,Fitness Band,1,4289.57,0,4289.57,1117.95,Cash on Delivery,Delivered,July,Q3,26.06
ORD100146,2024-06-04,Rahul Kumar,Maharashtra,Mumbai,Clothing,Kurta,2,933.27,10,1679.89,397.26,Debit Card,Cancelled,June,Q2,23.65
ORD100147,2024-03-14,Rohan Verma,Gujarat,Surat,Home & Kitchen,Cookware Set,2,2719.64,10,4895.35,1224.76,UPI,Delivered,March,Q1,25.02
ORD100148,2024-06-20,Sanjay Mehta,Uttar Pradesh,Agra,Electronics,Smartphone,1,36394.43,15,30935.27,4213.3,UPI,Shipped,June,Q2,13.62
ORD100149,2024-06-18,Kavya Nair,West Bengal,Kolkata,Electronics,Tablet,1,40947.23,15,34805.15,4704.0,UPI,Delivered,June,Q2,13.52
ORD100150,2024-08-29,Arjun Patel,Madhya Pradesh,Indore,Electronics,Tablet,1,20572.12,15,17486.3,2273.65,Cash on Delivery,Shipped,August,Q3,13.0
ORD100151,2024-01-11,Pooja Mishra,Karnataka,Mangaluru,Beauty,Face Wash,1,351.72,5,334.13,31.81,UPI,Delivered,January,Q1,9.52
ORD100152,2024-08-28,Vikram Shah,Tamil Nadu,Chennai,Home & Kitchen,Mixer Grinder,1,6442.59,10,5798.33,1332.12,Credit Card,Delivered,August,Q3,22.97
ORD100153,2024-06-12,Rahul Kumar,Haryana,Faridabad,Beauty,Hair Dryer,1,2783.28,15,2365.79,677.64,UPI,Delivered,June,Q2,28.64
ORD100154,2024-05-28,Kavya Nair,Delhi,Delhi,Clothing,T-Shirt,2,1264.02,10,2275.24,692.53,Cash on Delivery,Delivered,May,Q2,30.44
ORD100155,2024-10-17,Ananya Singh,Odisha,Cuttack,Home & Kitchen,Air Fryer,1,5608.17,5,5327.76,1353.18,Credit Card,Delivered,October,Q4,25.4
ORD100156,2024-04-30,Meera Iyer,Uttar Pradesh,Kanpur,Clothing,Saree,2,6777.66,10,12199.79,3837.72,Credit Card,Delivered,April,Q2,31.46
ORD100157,2024-04-30,Swati Kapoor,Maharashtra,Nagpur,Sports,Fitness Band,1,1479.32,5,1405.35,173.33,Cash on Delivery,Delivered,April,Q2,12.33
ORD100158,2024-04-23,Sanjay Mehta,West Bengal,Durgapur,Beauty,Face Wash,2,625.94,15,1064.1,210.71,UPI,Delivered,April,Q2,19.8
ORD100159,2024-09-18,Rahul Kumar,Telangana,Hyderabad,Clothing,T-Shirt,1,1175.32,15,999.02,235.35,Net Banking,Cancelled,September,Q3,23.56
ORD100160,2024-08-03,Pooja Mishra,Kerala,Kochi,Sports,Fitness Band,2,2564.17,15,4359.09,1260.96,Cash on Delivery,Delivered,August,Q3,28.93
ORD100161,2024-10-02,Divya Sahu,Andhra Pradesh,Visakhapatnam,Electronics,Smart Watch,4,10096.72,10,36348.19,5028.84,Debit Card,Delivered,October,Q4,13.84
ORD100162,2024-01-25,Sanjay Mehta,West Bengal,Kolkata,Clothing,Jacket,2,5379.07,10,9682.33,3046.33,Cash on Delivery,Shipped,January,Q1,31.46
ORD100163,2024-01-31,Isha Joshi,Telangana,Warangal,Clothing,Saree,2,1983.96,0,3967.92,1071.09,UPI,Delivered,January,Q1,26.99
ORD100164,2024-09-22,Ananya Singh,Odisha,Bhubaneswar,Electronics,Tablet,1,10619.07,10,9557.16,1283.04,UPI,Shipped,September,Q3,13.42
ORD100165,2024-03-20,Meera Iyer,Uttar Pradesh,Kanpur,Electronics,Smartphone,1,30504.5,0,30504.5,4222.71,UPI,Delivered,March,Q1,13.84
ORD100166,2024-04-25,Rahul Kumar,Maharashtra,Nagpur,Electronics,Tablet,2,31532.68,5,59912.09,8216.88,Cash on Delivery,Delivered,April,Q2,13.71
ORD100167,2024-03-19,Pooja Mishra,Telangana,Warangal,Clothing,Jacket,2,3241.85,0,6483.7,1959.07,Credit Card,Delivered,March,Q1,30.22
ORD100168,2024-06-12,Manish Jain,Rajasthan,Udaipur,Clothing,T-Shirt,1,852.9,5,810.26,14.83,Cash on Delivery,Returned,June,Q2,1.83
ORD100169,2024-08-19,Rahul Kumar,Maharashtra,Nagpur,Clothing,Saree,2,2742.91,10,4937.24,1525.41,UPI,Delivered,August,Q3,30.9
ORD100170,2024-05-09,Meera Iyer,Delhi,Delhi,Clothing,Jeans,2,2941.04,0,5882.08,1838.77,Debit Card,Returned,May,Q2,31.26
ORD100171,2024-03-19,Manish Jain,Tamil Nadu,Coimbatore,Sports,Yoga Mat,2,1649.87,10,2969.77,719.28,Cash on Delivery,Delivered,March,Q1,24.22
ORD100172,2024-05-31,Manish Jain,Maharashtra,Mumbai,Electronics,Smart Watch,2,6878.33,0,13756.66,1897.19,Debit Card,Delivered,May,Q2,13.79
ORD100173,2024-09-17,Kavya Nair,Haryana,Gurugram,Clothing,Saree,4,3228.28,15,10976.15,3312.08,Credit Card,Delivered,September,Q3,30.18
ORD100174,2024-11-19,Isha Joshi,Tamil Nadu,Coimbatore,Electronics,Smart Watch,1,10938.46,20,8750.77,1051.62,UPI,Delivered,November,Q4,12.02
ORD100175,2024-12-16,Meera Iyer,Maharashtra,Mumbai,Clothing,Jeans,2,1737.76,5,3301.74,811.16,Debit Card,Delivered,December,Q4,24.57
ORD100176,2024-04-23,Swati Kapoor,Kerala,Thiruvananthapuram,Electronics,Laptop,1,55296.05,5,52531.25,7248.78,Credit Card,Delivered,April,Q2,13.8
ORD100177,2024-08-20,Kiran Yadav,Tamil Nadu,Chennai,Home & Kitchen,Bedsheet,2,2285.16,5,4341.8,921.2,Cash on Delivery,Shipped,August,Q3,21.22
ORD100178,2024-09-14,Kiran Yadav,Tamil Nadu,Chennai,Electronics,Smart Watch,3,2065.51,15,5267.05,655.44,Credit Card,Delivered,September,Q3,12.44
ORD100179,2024-07-09,Akash Roy,Maharashtra,Pune,Electronics,Headphones,2,1884.87,10,3392.77,330.27,Debit Card,Delivered,July,Q3,9.73
ORD100180,2024-01-03,Aarav Sharma,Karnataka,Mysuru,Beauty,Face Wash,4,732.79,5,2784.6,881.95,Cash on Delivery,Delivered,January,Q1,31.67
ORD100181,2024-04-21,Sanjay Mehta,Tamil Nadu,Madurai,Clothing,Jeans,1,2609.66,10,2348.69,562.97,Debit Card,Delivered,April,Q2,23.97
ORD100182,2024-08-30,Sneha Reddy,Gujarat,Surat,Beauty,Skin Care Kit,1,798.87,0,798.87,103.19,Cash on Delivery,Delivered,August,Q3,12.92
ORD100183,2024-12-24,Pooja Mishra,Odisha,Bhubaneswar,Electronics,Tablet,1,32517.78,15,27640.11,3713.22,Credit Card,Delivered,December,Q4,13.43
ORD100184,2024-07-04,Swati Kapoor,West Bengal,Durgapur,Electronics,Tablet,4,13254.67,15,45065.88,6171.9,Debit Card,Delivered,July,Q3,13.7
ORD100185,2024-04-18,Neha Gupta,Gujarat,Surat,Clothing,Jeans,2,2465.58,15,4191.49,1206.68,UPI,Delivered,April,Q2,28.79
ORD100186,2024-04-25,Manish Jain,Kerala,Thiruvananthapuram,Electronics,Smart Watch,2,6931.33,0,13862.66,1845.29,Credit Card,Delivered,April,Q2,13.31
ORD100187,2024-07-16,Kiran Yadav,Gujarat,Vadodara,Beauty,Face Wash,2,853.18,5,1621.04,433.15,Credit Card,Delivered,July,Q3,26.72
ORD100188,2024-12-15,Sanjay Mehta,Andhra Pradesh,Vijayawada,Home & Kitchen,Cookware Set,1,3433.52,10,3090.17,558.13,UPI,Delivered,December,Q4,18.06
ORD100189,2024-02-18,Pooja Mishra,Rajasthan,Jaipur,Electronics,Tablet,1,11964.76,10,10768.28,1286.83,Cash on Delivery,Delivered,February,Q1,11.95
ORD100190,2024-06-30,Isha Joshi,Punjab,Ludhiana,Electronics,Smart Watch,4,2023.34,10,7284.02,899.29,Debit Card,Shipped,June,Q2,12.35
ORD100191,2024-06-11,Isha Joshi,West Bengal,Durgapur,Clothing,Saree,2,5010.34,0,10020.68,3121.59,UPI,Delivered,June,Q2,31.15
ORD100192,2024-12-28,Priya Das,Tamil Nadu,Coimbatore,Clothing,T-Shirt,2,1487.39,5,2826.04,688.12,UPI,Delivered,December,Q4,24.35
ORD100193,2024-05-21,Arjun Patel,Telangana,Hyderabad,Clothing,Jeans,1,2804.37,20,2243.5,569.08,Net Banking,Delivered,May,Q2,25.37
ORD100194,2024-06-09,Divya Sahu,Haryana,Faridabad,Electronics,Laptop,1,46471.44,10,41824.3,5611.84,Debit Card,Delivered,June,Q2,13.42
ORD100195,2024-06-25,Manish Jain,Madhya Pradesh,Indore,Electronics,Smartphone,2,34505.81,5,65561.04,9065.63,Credit Card,Shipped,June,Q2,13.83
ORD100196,2024-05-04,Rohan Verma,West Bengal,Durgapur,Clothing,T-Shirt,2,1000.08,15,1700.14,328.55,Debit Card,Delivered,May,Q2,19.32
ORD100197,2024-01-20,Priya Das,Gujarat,Vadodara,Clothing,Saree,1,3264.65,0,3264.65,843.84,UPI,Delivered,January,Q1,25.85
ORD100198,2024-01-26,Manish Jain,Madhya Pradesh,Bhopal,Electronics,Tablet,2,33087.03,15,56247.95,7799.79,Credit Card,Returned,January,Q1,13.87
ORD100199,2024-06-26,Vikram Shah,Maharashtra,Mumbai,Electronics,Headphones,1,7346.39,5,6979.07,773.45,Credit Card,Delivered,June,Q2,11.08
ORD100200,2024-02-16,Kiran Yadav,Kerala,Kochi,Electronics,Smart Watch,2,6994.96,15,11891.43,1511.95,Debit Card,Shipped,February,Q1,12.71
ORD100201,2024-12-28,Kavya Nair,Punjab,Ludhiana,Clothing,Saree,2,5236.21,5,9948.8,3022.52,Credit Card,Cancelled,December,Q4,30.38
ORD100202,2024-05-16,Neha Gupta,Uttar Pradesh,Lucknow,Electronics,Tablet,1,35642.23,5,33860.12,4536.74,Net Banking,Shipped,May,Q2,13.4
ORD100203,2024-02-28,Arjun Patel,Madhya Pradesh,Indore,Sports,Fitness Band,2,4936.44,10,8885.59,2571.38,Net Banking,Returned,February,Q1,28.94
ORD100204,2024-05-13,Akash Roy,Gujarat,Ahmedabad,Electronics,Smart Watch,3,10847.71,5,30915.97,4084.34,UPI,Delivered,May,Q2,13.21
ORD100205,2024-10-03,Aarav Sharma,Madhya Pradesh,Indore,Clothing,Saree,2,3863.74,5,7341.11,2140.73,Cash on Delivery,Delivered,October,Q4,29.16
ORD100206,2024-12-15,Kiran Yadav,Tamil Nadu,Coimbatore,Clothing,Jeans,1,2846.95,10,2562.26,667.16,Debit Card,Shipped,December,Q4,26.04
ORD100207,2024-09-03,Rahul Kumar,Tamil Nadu,Chennai,Electronics,Laptop,2,54506.24,10,98111.23,13677.13,Debit Card,Returned,September,Q3,13.94
ORD100208,2024-12-20,Sanjay Mehta,Rajasthan,Jaipur,Electronics,Tablet,2,11161.63,10,20090.93,2618.1,Cash on Delivery,Delivered,December,Q4,13.03
ORD100209,2024-11-23,Rahul Kumar,Odisha,Bhubaneswar,Sports,Running Shoes,1,1501.04,0,1501.04,327.49,Credit Card,Cancelled,November,Q4,21.82
ORD100210,2024-03-23,Isha Joshi,Delhi,Delhi,Beauty,Perfume,1,2574.7,10,2317.23,831.12,Net Banking,Delivered,March,Q1,35.87
ORD100211,2024-10-01,Kiran Yadav,Punjab,Ludhiana,Home & Kitchen,Air Fryer,4,3617.04,10,13021.34,3236.94,Debit Card,Delivered,October,Q4,24.86
ORD100212,2024-11-04,Rahul Kumar,Uttar Pradesh,Kanpur,Electronics,Smart Watch,3,2513.61,0,7540.83,905.27,UPI,Shipped,November,Q4,12.0
ORD100213,2024-05-06,Meera Iyer,Tamil Nadu,Coimbatore,Home & Kitchen,Air Fryer,2,3919.19,15,6662.62,1558.69,Debit Card,Cancelled,May,Q2,23.39
ORD100214,2024-06-20,Aarav Sharma,Tamil Nadu,Chennai,Electronics,Smart Watch,3,7619.47,15,19429.65,2580.22,UPI,Shipped,June,Q2,13.28
ORD100215,2024-11-27,Neha Gupta,Madhya Pradesh,Indore,Sports,Yoga Mat,1,1789.68,15,1521.23,304.86,Credit Card,Delivered,November,Q4,20.04
ORD100216,2024-05-11,Rohan Verma,Uttar Pradesh,Agra,Home & Kitchen,Cookware Set,3,1826.33,10,4931.09,1116.88,Debit Card,Delivered,May,Q2,22.65
ORD100217,2024-09-18,Divya Sahu,Karnataka,Mysuru,Beauty,Perfume,1,3539.34,5,3362.37,1115.31,Net Banking,Delivered,September,Q3,33.17
ORD100218,2024-05-21,Rahul Kumar,Telangana,Warangal,Home & Kitchen,Bedsheet,2,866.05,10,1558.89,281.7,Credit Card,Delivered,May,Q2,18.07
ORD100219,2024-09-01,Manish Jain,Uttar Pradesh,Lucknow,Clothing,T-Shirt,3,410.73,15,1047.36,121.05,UPI,Delivered,September,Q3,11.56
ORD100220,2024-07-01,Aditya Rao,Karnataka,Mysuru,Electronics,Smartphone,2,29071.65,5,55236.14,7524.87,Credit Card,Cancelled,July,Q3,13.62
ORD100221,2024-04-18,Neha Gupta,Maharashtra,Nagpur,Electronics,Headphones,3,1746.72,5,4978.15,587.27,Debit Card,Cancelled,April,Q2,11.8
ORD100222,2024-06-23,Swati Kapoor,Rajasthan,Jaipur,Beauty,Hair Dryer,1,3035.12,10,2731.61,978.93,UPI,Delivered,June,Q2,35.84
ORD100223,2024-11-27,Akash Roy,Rajasthan,Udaipur,Home & Kitchen,Mixer Grinder,1,3944.31,0,3944.31,868.37,Credit Card,Cancelled,November,Q4,22.02
ORD100224,2024-07-19,Rohan Verma,Telangana,Hyderabad,Clothing,Jacket,1,4554.01,15,3870.91,1080.99,Credit Card,Delivered,July,Q3,27.93
ORD100225,2024-09-24,Rahul Kumar,Odisha,Cuttack,Home & Kitchen,Storage Box,3,1382.94,15,3526.5,668.9,Cash on Delivery,Delivered,September,Q3,18.97
ORD100226,2024-10-10,Vikram Shah,Uttar Pradesh,Agra,Clothing,Jeans,3,3266.35,10,8819.14,2723.2,Debit Card,Delivered,October,Q4,30.88
ORD100227,2024-06-20,Kiran Yadav,Delhi,Delhi,Home & Kitchen,Mixer Grinder,1,3239.67,10,2915.7,686.04,Credit Card,Delivered,June,Q2,23.53
ORD100228,2024-01-07,Priya Das,Madhya Pradesh,Indore,Clothing,Jeans,3,1862.14,10,5027.78,1430.56,Credit Card,Delivered,January,Q1,28.45
ORD100229,2024-05-05,Vikram Shah,Maharashtra,Mumbai,Clothing,Saree,1,3170.66,10,2853.59,746.66,Credit Card,Delivered,May,Q2,26.17
ORD100230,2024-12-09,Rahul Kumar,Telangana,Warangal,Beauty,Skin Care Kit,2,3056.83,10,5502.29,1991.64,UPI,Returned,December,Q4,36.2
ORD100231,2024-05-01,Arjun Patel,Haryana,Faridabad,Electronics,Headphones,1,3593.5,5,3413.82,385.9,UPI,Delivered,May,Q2,11.3
ORD100232,2024-04-18,Meera Iyer,Haryana,Gurugram,Clothing,Saree,1,6970.18,20,5576.14,1698.03,Net Banking,Delivered,April,Q2,30.45
ORD100233,2024-04-18,Akash Roy,Kerala,Kochi,Electronics,Smartphone,2,34887.07,15,59308.02,8091.38,Credit Card,Delivered,April,Q2,13.64
ORD100234,2024-04-20,Ananya Singh,Karnataka,Bengaluru,Clothing,Saree,1,2563.22,10,2306.9,638.33,Credit Card,Delivered,April,Q2,27.67
ORD100235,2024-10-10,Arjun Patel,Uttar Pradesh,Agra,Beauty,Perfume,3,4497.32,10,12142.76,4330.07,UPI,Delivered,October,Q4,35.66
ORD100236,2024-01-05,Manish Jain,Uttar Pradesh,Kanpur,Electronics,Headphones,1,7348.07,5,6980.67,851.85,UPI,Delivered,January,Q1,12.2
ORD100237,2024-07-01,Priya Das,Rajasthan,Jaipur,Beauty,Hair Dryer,1,3420.98,10,3078.88,893.56,Credit Card,Cancelled,July,Q3,29.02
ORD100238,2024-04-01,Akash Roy,Tamil Nadu,Chennai,Clothing,Kurta,1,1875.93,5,1782.13,383.37,Cash on Delivery,Delivered,April,Q2,21.51
ORD100239,2024-12-17,Kavya Nair,West Bengal,Kolkata,Clothing,Jacket,4,3644.18,0,14576.72,4448.14,Credit Card,Shipped,December,Q4,30.52
ORD100240,2024-08-01,Vikram Shah,Maharashtra,Pune,Electronics,Tablet,3,27865.14,5,79415.65,10929.36,Cash on Delivery,Cancelled,August,Q3,13.76
ORD100241,2024-06-11,Akash Roy,Odisha,Cuttack,Electronics,Tablet,1,22555.04,5,21427.29,2811.22,Credit Card,Shipped,June,Q2,13.12
ORD100242,2024-07-06,Aditya Rao,Karnataka,Mysuru,Beauty,Perfume,1,3899.05,10,3509.15,1262.51,UPI,Cancelled,July,Q3,35.98
ORD100243,2024-09-15,Isha Joshi,Madhya Pradesh,Bhopal,Home & Kitchen,Mixer Grinder,3,5198.8,10,14036.76,3535.92,UPI,Delivered,September,Q3,25.19
ORD100244,2024-05-23,Sneha Reddy,Kerala,Kochi,Home & Kitchen,Storage Box,1,1446.14,15,1229.22,142.8,UPI,Shipped,May,Q2,11.62
ORD100245,2024-08-08,Rohan Verma,Maharashtra,Pune,Home & Kitchen,Air Fryer,1,9112.1,15,7745.28,1780.05,Credit Card,Cancelled,August,Q3,22.98
ORD100246,2024-01-23,Pooja Mishra,Uttar Pradesh,Lucknow,Clothing,Jacket,1,1651.51,5,1568.93,333.06,UPI,Cancelled,January,Q1,21.23
ORD100247,2024-09-16,Sanjay Mehta,Gujarat,Surat,Electronics,Laptop,2,49515.9,5,94080.21,13081.49,UPI,Delivered,September,Q3,13.9
ORD100248,2024-08-28,Divya Sahu,Punjab,Ludhiana,Electronics,Laptop,1,43029.7,10,38726.73,5339.29,Credit Card,Delivered,August,Q3,13.79
ORD100249,2024-03-05,Vikram Shah,Tamil Nadu,Coimbatore,Sports,Football,3,1433.94,5,4086.73,1035.61,UPI,Delivered,March,Q1,25.34
ORD100250,2024-06-27,Arjun Patel,Tamil Nadu,Madurai,Beauty,Hair Dryer,4,2951.22,15,10034.15,3595.49,Credit Card,Cancelled,June,Q2,35.83
ORD100251,2024-01-13,Arjun Patel,Maharashtra,Nagpur,Clothing,T-Shirt,1,1702.24,10,1532.02,469.24,UPI,Delivered,January,Q1,30.63
ORD100252,2024-04-10,Meera Iyer,Haryana,Faridabad,Electronics,Smart Watch,3,8876.68,5,25298.54,3412.45,Debit Card,Returned,April,Q2,13.49
ORD100253,2024-01-13,Divya Sahu,Delhi,Delhi,Beauty,Perfume,1,2722.34,10,2450.11,709.26,UPI,Shipped,January,Q1,28.95
ORD100254,2024-08-24,Ananya Singh,Gujarat,Vadodara,Home & Kitchen,Mixer Grinder,1,4889.56,10,4400.6,975.18,Cash on Delivery,Delivered,August,Q3,22.16
ORD100255,2024-03-05,Priya Das,Delhi,Delhi,Sports,Yoga Mat,2,1581.76,20,2530.82,727.24,Debit Card,Delivered,March,Q1,28.74
ORD100256,2024-06-13,Sneha Reddy,Maharashtra,Nagpur,Clothing,T-Shirt,3,1552.63,10,4192.1,1259.93,Cash on Delivery,Delivered,June,Q2,30.05
ORD100257,2024-06-19,Priya Das,Telangana,Warangal,Home & Kitchen,Cookware Set,1,1319.4,10,1187.46,166.62,Debit Card,Delivered,June,Q2,14.03
ORD100258,2024-06-18,Kiran Yadav,Maharashtra,Pune,Home & Kitchen,Air Fryer,4,6456.97,5,24536.49,6329.24,Cash on Delivery,Delivered,June,Q2,25.8
ORD100259,2024-02-12,Priya Das,Kerala,Thiruvananthapuram,Electronics,Tablet,4,21963.13,10,79067.27,10969.36,Credit Card,Delivered,February,Q1,13.87
ORD100260,2024-07-13,Aditya Rao,Gujarat,Vadodara,Home & Kitchen,Bedsheet,4,2176.55,15,7400.27,1798.73,Credit Card,Delivered,July,Q3,24.31
ORD100261,2024-11-26,Kiran Yadav,Punjab,Ludhiana,Clothing,Saree,1,3948.1,10,3553.29,889.3,UPI,Delivered,November,Q4,25.03
ORD100262,2024-09-23,Sanjay Mehta,Gujarat,Surat,Clothing,Kurta,4,2368.94,0,9475.76,2869.09,Cash on Delivery,Delivered,September,Q3,30.28
ORD100263,2024-02-16,Aditya Rao,Kerala,Thiruvananthapuram,Sports,Yoga Mat,1,1428.51,5,1357.08,176.1,UPI,Delivered,February,Q1,12.98
ORD100264,2024-01-15,Isha Joshi,Rajasthan,Udaipur,Electronics,Tablet,1,27405.94,10,24665.35,3402.27,Net Banking,Delivered,January,Q1,13.79
ORD100265,2024-08-22,Neha Gupta,Maharashtra,Pune,Sports,Football,3,1593.72,10,4303.04,1260.82,UPI,Delivered,August,Q3,29.3
ORD100266,2024-07-02,Neha Gupta,Andhra Pradesh,Visakhapatnam,Sports,Football,2,2207.57,10,3973.63,1147.04,Debit Card,Delivered,July,Q3,28.87
ORD100267,2024-10-25,Meera Iyer,Tamil Nadu,Chennai,Sports,Football,2,2462.36,15,4186.01,1067.41,Credit Card,Delivered,October,Q4,25.5
ORD100268,2024-03-28,Divya Sahu,Haryana,Gurugram,Clothing,Jeans,2,2139.94,5,4065.89,1133.74,Debit Card,Delivered,March,Q1,27.88
ORD100269,2024-06-18,Kavya Nair,Kerala,Thiruvananthapuram,Home & Kitchen,Storage Box,2,310.85,5,590.62,6.6,Cash on Delivery,Delivered,June,Q2,1.12
ORD100270,2024-09-04,Ananya Singh,Andhra Pradesh,Visakhapatnam,Beauty,Makeup Kit,2,1435.75,10,2584.35,783.85,UPI,Delivered,September,Q3,30.33
ORD100271,2024-07-24,Manish Jain,Haryana,Faridabad,Clothing,T-Shirt,2,1289.62,15,2192.35,470.31,Net Banking,Delivered,July,Q3,21.45
ORD100272,2024-12-08,Pooja Mishra,Kerala,Thiruvananthapuram,Clothing,Jacket,2,3113.6,15,5293.12,1466.28,Cash on Delivery,Returned,December,Q4,27.7
ORD100273,2024-05-18,Akash Roy,Andhra Pradesh,Vijayawada,Electronics,Laptop,3,92379.21,15,235566.99,32894.41,Net Banking,Delivered,May,Q2,13.96
ORD100274,2024-05-11,Pooja Mishra,Delhi,Delhi,Clothing,Kurta,2,1349.74,10,2429.53,549.59,Cash on Delivery,Delivered,May,Q2,22.62
ORD100275,2024-09-27,Rahul Kumar,Odisha,Cuttack,Electronics,Tablet,1,18935.82,10,17042.24,2358.37,Debit Card,Delivered,September,Q3,13.84
ORD100276,2024-10-16,Manish Jain,Uttar Pradesh,Agra,Electronics,Headphones,2,6817.95,10,12272.31,1520.12,Credit Card,Shipped,October,Q4,12.39
ORD100277,2024-06-16,Rohan Verma,Gujarat,Vadodara,Sports,Fitness Band,1,4062.19,10,3655.97,1062.68,Credit Card,Delivered,June,Q2,29.07
ORD100278,2024-08-26,Aditya Rao,Karnataka,Bengaluru,Clothing,Kurta,3,2730.29,10,7371.78,2116.6,UPI,Delivered,August,Q3,28.71
ORD100279,2024-08-15,Rohan Verma,Andhra Pradesh,Vijayawada,Home & Kitchen,Storage Box,1,1155.15,5,1097.39,236.49,UPI,Returned,August,Q3,21.55
ORD100280,2024-09-10,Aditya Rao,Tamil Nadu,Coimbatore,Clothing,Jacket,1,2173.21,10,1955.89,432.5,UPI,Delivered,September,Q3,22.11
ORD100281,2024-07-09,Akash Roy,Tamil Nadu,Coimbatore,Clothing,T-Shirt,2,1242.18,10,2235.92,665.61,Credit Card,Shipped,July,Q3,29.77
ORD100282,2024-05-05,Manish Jain,Telangana,Hyderabad,Clothing,Jeans,4,2712.74,10,9765.86,2893.25,Debit Card,Delivered,May,Q2,29.63
ORD100283,2024-06-23,Sanjay Mehta,Maharashtra,Mumbai,Electronics,Tablet,2,17468.77,20,27950.03,3696.0,Debit Card,Delivered,June,Q2,13.22
ORD100284,2024-11-09,Aarav Sharma,Punjab,Amritsar,Clothing,Jeans,2,1323.89,5,2515.39,779.13,Cash on Delivery,Delivered,November,Q4,30.97
ORD100285,2024-10-09,Meera Iyer,Haryana,Gurugram,Electronics,Headphones,3,4407.83,10,11901.14,1423.74,UPI,Delivered,October,Q4,11.96
ORD100286,2024-01-02,Akash Roy,Andhra Pradesh,Vijayawada,Sports,Running Shoes,1,6738.57,15,5727.78,1512.31,Debit Card,Delivered,January,Q1,26.4
ORD100287,2024-04-22,Neha Gupta,Uttar Pradesh,Agra,Clothing,Kurta,4,2656.56,15,9032.3,2867.54,Debit Card,Delivered,April,Q2,31.75
ORD100288,2024-02-02,Divya Sahu,Tamil Nadu,Madurai,Electronics,Smart Watch,1,8023.57,10,7221.21,789.03,Debit Card,Delivered,February,Q1,10.93
ORD100289,2024-03-19,Isha Joshi,Delhi,Delhi,Home & Kitchen,Storage Box,3,386.53,5,1101.61,49.2,Debit Card,Delivered,March,Q1,4.47
ORD100290,2024-07-20,Manish Jain,Kerala,Thiruvananthapuram,Home & Kitchen,Air Fryer,1,5306.04,15,4510.13,942.25,UPI,Delivered,July,Q3,20.89
ORD100291,2024-09-22,Ananya Singh,Maharashtra,Pune,Electronics,Smartphone,1,43729.05,10,39356.15,5442.84,Credit Card,Delivered,September,Q3,13.83
ORD100292,2024-02-10,Swati Kapoor,Uttar Pradesh,Kanpur,Electronics,Laptop,1,76386.73,10,68748.06,9587.02,UPI,Returned,February,Q1,13.95
ORD100293,2024-11-21,Aditya Rao,Gujarat,Vadodara,Home & Kitchen,Storage Box,1,318.13,5,302.22,-71.06,Credit Card,Delivered,November,Q4,-23.51
ORD100294,2024-02-17,Priya Das,Uttar Pradesh,Agra,Home & Kitchen,Storage Box,1,508.9,0,508.9,76.7,Net Banking,Delivered,February,Q1,15.07
ORD100295,2024-03-13,Sanjay Mehta,Rajasthan,Jaipur,Electronics,Smartphone,2,12661.98,15,21525.37,2868.89,Net Banking,Delivered,March,Q1,13.33
ORD100296,2024-09-27,Priya Das,West Bengal,Durgapur,Home & Kitchen,Mixer Grinder,1,4140.79,10,3726.71,927.64,Debit Card,Cancelled,September,Q3,24.89
ORD100297,2024-06-16,Rohan Verma,Delhi,Delhi,Home & Kitchen,Cookware Set,2,4985.8,10,8974.44,2166.69,UPI,Delivered,June,Q2,24.14
ORD100298,2024-07-21,Divya Sahu,Karnataka,Mangaluru,Electronics,Smart Watch,4,1644.33,5,6248.45,851.15,UPI,Cancelled,July,Q3,13.62
ORD100299,2024-03-17,Isha Joshi,Madhya Pradesh,Bhopal,Home & Kitchen,Cookware Set,4,2614.36,15,8888.82,2105.92,Cash on Delivery,Cancelled,March,Q1,23.69
ORD100300,2024-10-21,Manish Jain,Delhi,Delhi,Clothing,Kurta,1,1899.33,15,1614.43,398.29,UPI,Shipped,October,Q4,24.67
ORD100301,2024-06-16,Priya Das,Andhra Pradesh,Vijayawada,Sports,Cricket Bat,1,1867.58,10,1680.82,339.29,UPI,Delivered,June,Q2,20.19
ORD100302,2024-09-12,Rohan Verma,Gujarat,Vadodara,Sports,Yoga Mat,4,1071.02,5,4069.88,1098.86,UPI,Delivered,September,Q3,27.0
ORD100303,2024-12-06,Meera Iyer,Maharashtra,Pune,Electronics,Smart Watch,4,2606.63,10,9383.87,1291.1,Credit Card,Cancelled,December,Q4,13.76
ORD100304,2024-07-14,Neha Gupta,Uttar Pradesh,Lucknow,Electronics,Tablet,1,36137.18,15,30716.6,4122.74,UPI,Delivered,July,Q3,13.42
ORD100305,2024-12-17,Arjun Patel,Tamil Nadu,Coimbatore,Clothing,Jacket,1,4841.39,15,4115.18,1115.32,UPI,Cancelled,December,Q4,27.1
ORD100306,2024-02-08,Aditya Rao,Telangana,Warangal,Clothing,Jeans,1,3346.91,5,3179.56,789.64,UPI,Shipped,February,Q1,24.83
ORD100307,2024-03-27,Sanjay Mehta,Andhra Pradesh,Visakhapatnam,Sports,Yoga Mat,1,1774.02,10,1596.62,455.94,UPI,Delivered,March,Q1,28.56
ORD100308,2024-10-15,Manish Jain,Madhya Pradesh,Bhopal,Electronics,Tablet,2,15784.96,10,28412.93,3789.36,Credit Card,Delivered,October,Q4,13.34
ORD100309,2024-01-11,Isha Joshi,Delhi,Delhi,Home & Kitchen,Bedsheet,1,1058.92,10,953.03,93.89,UPI,Delivered,January,Q1,9.85
ORD100310,2024-01-19,Rahul Kumar,Karnataka,Mangaluru,Clothing,Kurta,3,1472.05,20,3532.92,968.79,Credit Card,Delivered,January,Q1,27.42
ORD100311,2024-02-17,Manish Jain,Rajasthan,Jaipur,Home & Kitchen,Storage Box,1,900.14,10,810.13,58.29,UPI,Returned,February,Q1,7.2
ORD100312,2024-11-04,Aarav Sharma,Uttar Pradesh,Lucknow,Clothing,Jeans,2,2231.94,5,4240.69,1131.02,UPI,Delivered,November,Q4,26.67
ORD100313,2024-11-05,Aditya Rao,Maharashtra,Mumbai,Beauty,Perfume,4,2791.87,15,9492.36,3441.14,Debit Card,Cancelled,November,Q4,36.25
ORD100314,2024-09-27,Rahul Kumar,Gujarat,Ahmedabad,Clothing,T-Shirt,1,1079.13,5,1025.17,185.79,Credit Card,Shipped,September,Q3,18.12
ORD100315,2024-10-18,Kiran Yadav,Maharashtra,Pune,Clothing,Jeans,1,3244.61,0,3244.61,816.48,Credit Card,Delivered,October,Q4,25.16
ORD100316,2024-11-18,Akash Roy,Maharashtra,Mumbai,Sports,Football,2,1250.94,20,2001.5,527.19,Net Banking,Delivered,November,Q4,26.34
ORD100317,2024-12-12,Vikram Shah,Maharashtra,Pune,Clothing,Kurta,2,2325.26,10,4185.47,1153.12,Debit Card,Delivered,December,Q4,27.55
ORD100318,2024-09-06,Arjun Patel,Andhra Pradesh,Visakhapatnam,Clothing,Saree,1,4865.53,15,4135.7,1177.29,UPI,Shipped,September,Q3,28.47
ORD100319,2024-09-21,Sneha Reddy,Uttar Pradesh,Kanpur,Beauty,Skin Care Kit,1,2823.81,10,2541.43,777.62,Debit Card,Delivered,September,Q3,30.6
ORD100320,2024-06-18,Sanjay Mehta,Madhya Pradesh,Indore,Electronics,Headphones,1,3918.77,15,3330.95,313.21,Debit Card,Delivered,June,Q2,9.4
ORD100321,2024-07-25,Meera Iyer,Madhya Pradesh,Bhopal,Electronics,Headphones,2,2134.68,5,4055.89,450.11,Cash on Delivery,Delivered,July,Q3,11.1
ORD100322,2024-07-13,Sneha Reddy,Maharashtra,Pune,Electronics,Headphones,1,6717.18,20,5373.74,633.17,Credit Card,Delivered,July,Q3,11.78
ORD100323,2024-07-25,Priya Das,Madhya Pradesh,Indore,Clothing,Jacket,2,5216.63,10,9389.93,2934.47,Debit Card,Delivered,July,Q3,31.25
ORD100324,2024-03-10,Rahul Kumar,Uttar Pradesh,Agra,Electronics,Smart Watch,2,9623.46,5,18284.57,2440.4,UPI,Delivered,March,Q1,13.35
ORD100325,2024-04-13,Sanjay Mehta,Andhra Pradesh,Visakhapatnam,Electronics,Laptop,1,82026.34,15,69722.39,9536.87,UPI,Cancelled,April,Q2,13.68
ORD100326,2024-03-01,Pooja Mishra,Andhra Pradesh,Visakhapatnam,Home & Kitchen,Mixer Grinder,3,4510.5,0,13531.5,3268.44,UPI,Delivered,March,Q1,24.15
ORD100327,2024-10-30,Rahul Kumar,Maharashtra,Nagpur,Electronics,Tablet,1,21133.66,0,21133.66,2855.81,Cash on Delivery,Delivered,October,Q4,13.51
ORD100328,2024-07-26,Arjun Patel,Maharashtra,Nagpur,Beauty,Skin Care Kit,2,2677.24,0,5354.48,1768.62,Debit Card,Delivered,July,Q3,33.03
ORD100329,2024-02-17,Akash Roy,Andhra Pradesh,Visakhapatnam,Clothing,Saree,4,6945.94,10,25005.38,7826.21,UPI,Delivered,February,Q1,31.3
ORD100330,2024-06-18,Swati Kapoor,Andhra Pradesh,Vijayawada,Sports,Yoga Mat,1,1244.28,10,1119.85,214.05,Credit Card,Cancelled,June,Q2,19.11
ORD100331,2024-05-12,Aditya Rao,Punjab,Ludhiana,Electronics,Headphones,1,6796.39,10,6116.75,750.53,Net Banking,Delivered,May,Q2,12.27
ORD100332,2024-08-01,Divya Sahu,West Bengal,Kolkata,Home & Kitchen,Cookware Set,1,3307.81,10,2977.03,616.19,UPI,Delivered,August,Q3,20.7
ORD100333,2024-08-09,Sneha Reddy,Rajasthan,Jaipur,Sports,Football,1,538.29,10,484.46,-35.58,Cash on Delivery,Shipped,August,Q3,-7.34
ORD100334,2024-10-25,Swati Kapoor,Gujarat,Surat,Clothing,Jacket,1,4130.25,5,3923.74,1023.7,Credit Card,Delivered,October,Q4,26.09
ORD100335,2024-06-03,Aditya Rao,Maharashtra,Pune,Electronics,Smart Watch,3,10750.22,10,29025.59,3995.0,Cash on Delivery,Cancelled,June,Q2,13.76
ORD100336,2024-08-18,Neha Gupta,Haryana,Faridabad,Electronics,Smartphone,4,38773.11,10,139583.2,19305.27,Cash on Delivery,Delivered,August,Q3,13.83
ORD100337,2024-02-19,Sneha Reddy,Kerala,Thiruvananthapuram,Sports,Fitness Band,1,1340.41,15,1139.35,226.07,UPI,Delivered,February,Q1,19.84
ORD100338,2024-12-25,Vikram Shah,Punjab,Ludhiana,Electronics,Tablet,2,28545.84,15,48527.93,6551.33,Credit Card,Delivered,December,Q4,13.5
ORD100339,2024-03-26,Priya Das,Telangana,Warangal,Electronics,Smart Watch,2,10179.49,5,19341.03,2532.73,UPI,Delivered,March,Q1,13.1
ORD100340,2024-05-07,Isha Joshi,Karnataka,Mysuru,Beauty,Skin Care Kit,1,3022.08,10,2719.87,801.48,UPI,Delivered,May,Q2,29.47
ORD100341,2024-09-21,Sanjay Mehta,Telangana,Warangal,Electronics,Smartphone,4,30995.1,5,117781.38,16280.25,UPI,Delivered,September,Q3,13.82
ORD100342,2024-02-09,Swati Kapoor,Telangana,Warangal,Home & Kitchen,Mixer Grinder,4,5852.35,0,23409.4,6037.38,Credit Card,Shipped,February,Q1,25.79
ORD100343,2024-10-21,Priya Das,Maharashtra,Mumbai,Clothing,T-Shirt,2,1089.6,10,1961.28,456.25,UPI,Shipped,October,Q4,23.26
ORD100344,2024-04-04,Priya Das,Delhi,Delhi,Clothing,Jacket,1,5504.48,5,5229.26,1522.79,Credit Card,Delivered,April,Q2,29.12
ORD100345,2024-09-02,Ananya Singh,Haryana,Faridabad,Clothing,Kurta,3,1024.81,15,2613.27,778.23,Cash on Delivery,Delivered,September,Q3,29.78
ORD100346,2024-12-14,Arjun Patel,Odisha,Cuttack,Sports,Cricket Bat,1,9749.25,15,8286.86,2260.44,UPI,Delivered,December,Q4,27.28
ORD100347,2024-10-02,Swati Kapoor,Karnataka,Bengaluru,Electronics,Tablet,4,40592.51,10,146133.04,20265.74,Debit Card,Delivered,October,Q4,13.87
ORD100348,2024-11-23,Kavya Nair,Madhya Pradesh,Bhopal,Electronics,Smartphone,1,27102.43,5,25747.31,3530.09,Net Banking,Returned,November,Q4,13.71
ORD100349,2024-10-12,Rohan Verma,Punjab,Amritsar,Sports,Fitness Band,1,2865.2,10,2578.68,612.1,Cash on Delivery,Delivered,October,Q4,23.74
ORD100350,2024-05-22,Aditya Rao,Punjab,Ludhiana,Clothing,Jeans,2,1343.84,15,2284.53,700.6,Debit Card,Delivered,May,Q2,30.67
ORD100351,2024-04-07,Meera Iyer,Uttar Pradesh,Agra,Electronics,Smart Watch,1,4423.94,10,3981.55,344.41,UPI,Delivered,April,Q2,8.65
ORD100352,2024-02-11,Akash Roy,Tamil Nadu,Madurai,Clothing,Jacket,1,2002.17,5,1902.06,376.51,Debit Card,Delivered,February,Q1,19.79
ORD100353,2024-04-11,Arjun Patel,Madhya Pradesh,Indore,Home & Kitchen,Mixer Grinder,2,2913.59,15,4953.1,1075.74,Cash on Delivery,Delivered,April,Q2,21.72
ORD100354,2024-12-04,Rohan Verma,Madhya Pradesh,Indore,Clothing,T-Shirt,1,795.92,5,756.12,215.03,Net Banking,Delivered,December,Q4,28.44
ORD100355,2024-06-12,Sanjay Mehta,Tamil Nadu,Chennai,Home & Kitchen,Air Fryer,4,9012.71,10,32445.76,8299.44,Credit Card,Cancelled,June,Q2,25.58
ORD100356,2024-07-28,Meera Iyer,Maharashtra,Mumbai,Home & Kitchen,Air Fryer,1,9935.71,5,9438.92,2401.4,UPI,Shipped,July,Q3,25.44
ORD100357,2024-05-21,Sanjay Mehta,Andhra Pradesh,Vijayawada,Sports,Football,2,2357.26,5,4478.79,1268.44,Debit Card,Delivered,May,Q2,28.32
ORD100358,2024-10-09,Meera Iyer,Uttar Pradesh,Kanpur,Electronics,Laptop,2,89285.98,15,151786.17,21097.15,Cash on Delivery,Shipped,October,Q4,13.9
ORD100359,2024-03-27,Meera Iyer,Kerala,Kochi,Electronics,Tablet,4,18731.04,10,67431.74,9216.99,Cash on Delivery,Cancelled,March,Q1,13.67
ORD100360,2024-10-20,Kiran Yadav,Rajasthan,Jaipur,Clothing,Jeans,1,1380.04,10,1242.04,178.93,Cash on Delivery,Delivered,October,Q4,14.41
ORD100361,2024-03-31,Divya Sahu,Punjab,Ludhiana,Home & Kitchen,Mixer Grinder,1,2572.71,5,2444.07,533.78,UPI,Delivered,March,Q1,21.84
ORD100362,2024-01-05,Sanjay Mehta,Maharashtra,Nagpur,Clothing,Kurta,1,1644.97,5,1562.72,477.58,Cash on Delivery,Shipped,January,Q1,30.56
ORD100363,2024-01-30,Vikram Shah,Maharashtra,Mumbai,Electronics,Tablet,2,30477.75,0,60955.5,8376.96,Debit Card,Delivered,January,Q1,13.74
ORD100364,2024-07-04,Kiran Yadav,Gujarat,Vadodara,Electronics,Headphones,2,6186.76,5,11754.84,1528.26,Cash on Delivery,Delivered,July,Q3,13.0
ORD100365,2024-06-30,Pooja Mishra,Karnataka,Mangaluru,Electronics,Smart Watch,3,6997.66,5,19943.33,2630.85,UPI,Delivered,June,Q2,13.19
ORD100366,2024-12-02,Meera Iyer,Andhra Pradesh,Vijayawada,Electronics,Headphones,3,3325.9,15,8481.04,1091.86,UPI,Delivered,December,Q4,12.87
ORD100367,2024-01-06,Arjun Patel,Uttar Pradesh,Kanpur,Clothing,Jacket,2,4094.13,5,7778.85,2363.63,UPI,Cancelled,January,Q1,30.39
ORD100368,2024-09-29,Isha Joshi,Punjab,Amritsar,Clothing,Jeans,2,984.91,5,1871.33,521.38,Debit Card,Delivered,September,Q3,27.86
ORD100369,2024-05-01,Meera Iyer,Andhra Pradesh,Vijayawada,Clothing,Kurta,4,2479.22,10,8925.19,2818.4,Credit Card,Delivered,May,Q2,31.58
ORD100370,2024-08-26,Priya Das,Maharashtra,Mumbai,Clothing,Kurta,1,2913.2,5,2767.54,770.58,Debit Card,Delivered,August,Q3,27.84
ORD100371,2024-06-07,Aditya Rao,Gujarat,Surat,Electronics,Laptop,2,45092.22,10,81166.0,11321.22,UPI,Returned,June,Q2,13.95
ORD100372,2024-07-15,Rohan Verma,Telangana,Warangal,Sports,Yoga Mat,1,1866.27,5,1772.96,446.18,UPI,Delivered,July,Q3,25.17
ORD100373,2024-04-15,Divya Sahu,Madhya Pradesh,Indore,Sports,Fitness Band,1,1032.24,5,980.63,249.44,Cash on Delivery,Delivered,April,Q2,25.44
ORD100374,2024-04-05,Priya Das,Tamil Nadu,Coimbatore,Clothing,Jacket,3,5557.12,5,15837.79,5039.06,UPI,Delivered,April,Q2,31.82
ORD100375,2024-09-07,Pooja Mishra,Telangana,Hyderabad,Home & Kitchen,Storage Box,3,1328.63,10,3587.3,882.24,Credit Card,Delivered,September,Q3,24.59
ORD100376,2024-09-12,Ananya Singh,Maharashtra,Nagpur,Clothing,Jeans,1,1213.01,5,1152.36,333.65,Cash on Delivery,Delivered,September,Q3,28.95
ORD100377,2024-02-17,Ananya Singh,Karnataka,Mangaluru,Home & Kitchen,Cookware Set,1,1519.69,5,1443.71,170.22,UPI,Delivered,February,Q1,11.79
ORD100378,2024-10-24,Divya Sahu,Maharashtra,Nagpur,Electronics,Tablet,4,43188.8,0,172755.2,24112.49,Cash on Delivery,Cancelled,October,Q4,13.96
ORD100379,2024-08-26,Meera Iyer,Maharashtra,Nagpur,Clothing,Kurta,2,1603.66,10,2886.59,685.95,Cash on Delivery,Delivered,August,Q3,23.76
ORD100380,2024-03-03,Kavya Nair,Rajasthan,Udaipur,Clothing,Jeans,1,1060.9,10,954.81,223.1,Cash on Delivery,Delivered,March,Q1,23.37
ORD100381,2024-10-10,Kiran Yadav,Maharashtra,Mumbai,Beauty,Face Wash,1,355.25,5,337.49,-83.11,Net Banking,Delivered,October,Q4,-24.63
ORD100382,2024-10-01,Sanjay Mehta,Odisha,Cuttack,Electronics,Laptop,2,74767.78,10,134582.0,18719.8,UPI,Delivered,October,Q4,13.91
ORD100383,2024-12-21,Sanjay Mehta,Gujarat,Ahmedabad,Beauty,Hair Dryer,1,2323.28,5,2207.12,713.59,Credit Card,Delivered,December,Q4,32.33
ORD100384,2024-03-10,Swati Kapoor,Telangana,Warangal,Electronics,Tablet,2,22068.62,15,37516.65,5163.95,UPI,Delivered,March,Q1,13.76
ORD100385,2024-10-26,Ananya Singh,Rajasthan,Jaipur,Electronics,Smart Watch,2,2608.71,5,4956.55,504.19,Credit Card,Delivered,October,Q4,10.17
ORD100386,2024-04-04,Ananya Singh,Maharashtra,Mumbai,Electronics,Smart Watch,3,11761.44,5,33520.1,4497.63,Credit Card,Delivered,April,Q2,13.42
ORD100387,2024-03-28,Aarav Sharma,Delhi,Delhi,Clothing,Jeans,1,1758.74,10,1582.87,338.2,UPI,Delivered,March,Q1,21.37
ORD100388,2024-06-29,Pooja Mishra,Maharashtra,Mumbai,Beauty,Skin Care Kit,2,2166.08,0,4332.16,1378.22,Net Banking,Delivered,June,Q2,31.81
ORD100389,2024-10-09,Manish Jain,Kerala,Thiruvananthapuram,Beauty,Hair Dryer,1,1058.62,20,846.9,138.37,Cash on Delivery,Delivered,October,Q4,16.34
ORD100390,2024-10-22,Aarav Sharma,Punjab,Amritsar,Home & Kitchen,Air Fryer,2,3508.75,5,6666.62,1536.55,UPI,Delivered,October,Q4,23.05
ORD100391,2024-06-10,Ananya Singh,West Bengal,Kolkata,Home & Kitchen,Storage Box,2,1080.51,10,1944.92,290.31,UPI,Delivered,June,Q2,14.93
ORD100392,2024-05-03,Priya Das,Delhi,Delhi,Electronics,Laptop,1,35820.94,5,34029.89,4737.78,Debit Card,Delivered,May,Q2,13.92
ORD100393,2024-04-19,Isha Joshi,Karnataka,Mangaluru,Home & Kitchen,Mixer Grinder,2,6336.92,15,10772.76,2644.75,UPI,Delivered,April,Q2,24.55
ORD100394,2024-12-21,Aarav Sharma,Andhra Pradesh,Visakhapatnam,Clothing,Jeans,3,1957.14,10,5284.28,1603.5,Credit Card,Delivered,December,Q4,30.34
ORD100395,2024-08-18,Isha Joshi,Andhra Pradesh,Visakhapatnam,Sports,Running Shoes,2,2895.0,5,5500.5,1580.03,Debit Card,Delivered,August,Q3,28.73
ORD100396,2024-04-18,Swati Kapoor,Madhya Pradesh,Bhopal,Sports,Fitness Band,4,2370.92,0,9483.68,2633.85,Cash on Delivery,Delivered,April,Q2,27.77
ORD100397,2024-10-14,Kavya Nair,West Bengal,Durgapur,Beauty,Perfume,4,800.13,5,3040.49,977.48,UPI,Delivered,October,Q4,32.15
ORD100398,2024-03-29,Kavya Nair,Odisha,Cuttack,Clothing,T-Shirt,4,1174.36,10,4227.7,1245.47,Debit Card,Delivered,March,Q1,29.46
ORD100399,2024-04-20,Aarav Sharma,Maharashtra,Nagpur,Electronics,Headphones,1,4629.48,0,4629.48,423.12,Credit Card,Delivered,April,Q2,9.14
ORD100400,2024-04-18,Swati Kapoor,Delhi,Delhi,Home & Kitchen,Storage Box,1,1133.58,10,1020.22,215.74,Credit Card,Delivered,April,Q2,21.15
ORD100401,2024-04-20,Sanjay Mehta,Madhya Pradesh,Bhopal,Clothing,Kurta,2,2379.57,15,4045.27,1119.54,Cash on Delivery,Delivered,April,Q2,27.68
ORD100402,2024-07-29,Meera Iyer,Andhra Pradesh,Vijayawada,Electronics,Laptop,1,66413.81,10,59772.43,8213.46,Credit Card,Delivered,July,Q3,13.74
ORD100403,2024-08-17,Manish Jain,Maharashtra,Nagpur,Clothing,Kurta,1,2166.88,15,1841.85,449.05,UPI,Delivered,August,Q3,24.38
ORD100404,2024-06-02,Sneha Reddy,West Bengal,Kolkata,Sports,Running Shoes,4,2246.29,5,8535.9,2393.35,Credit Card,Delivered,June,Q2,28.04
ORD100405,2024-09-16,Vikram Shah,Gujarat,Vadodara,Sports,Fitness Band,1,1083.74,20,866.99,48.46,UPI,Returned,September,Q3,5.59
ORD100406,2024-01-26,Akash Roy,Punjab,Amritsar,Clothing,Kurta,1,1551.06,5,1473.51,423.82,Credit Card,Returned,January,Q1,28.76
ORD100407,2024-12-23,Pooja Mishra,Maharashtra,Pune,Electronics,Smart Watch,3,11976.37,5,34132.65,4666.41,UPI,Cancelled,December,Q4,13.67
ORD100408,2024-11-25,Pooja Mishra,West Bengal,Kolkata,Clothing,Saree,4,3502.3,10,12608.28,3846.64,UPI,Delivered,November,Q4,30.51
ORD100409,2024-08-05,Priya Das,Tamil Nadu,Chennai,Electronics,Headphones,1,3234.21,5,3072.5,254.76,UPI,Delivered,August,Q3,8.29
ORD100410,2024-02-01,Isha Joshi,Gujarat,Surat,Clothing,Jacket,2,4096.42,5,7783.2,2402.67,Credit Card,Delivered,February,Q1,30.87
ORD100411,2024-05-11,Vikram Shah,Karnataka,Bengaluru,Electronics,Headphones,2,3915.95,10,7048.71,846.38,UPI,Delivered,May,Q2,12.01
ORD100412,2024-08-24,Sneha Reddy,Kerala,Thiruvananthapuram,Beauty,Skin Care Kit,4,1559.52,15,5302.37,1913.28,Cash on Delivery,Returned,August,Q3,36.08
ORD100413,2024-01-12,Rohan Verma,Madhya Pradesh,Bhopal,Beauty,Perfume,4,2968.39,20,9498.85,3492.16,Cash on Delivery,Delivered,January,Q1,36.76
ORD100414,2024-09-30,Rahul Kumar,Haryana,Gurugram,Electronics,Tablet,3,19811.72,5,56463.4,7744.49,UPI,Delivered,September,Q3,13.72
ORD100415,2024-04-07,Ananya Singh,Karnataka,Mysuru,Clothing,Jacket,2,5574.92,0,11149.84,3359.24,Cash on Delivery,Delivered,April,Q2,30.13
ORD100416,2024-04-28,Manish Jain,Andhra Pradesh,Visakhapatnam,Clothing,T-Shirt,1,420.39,20,336.31,-36.84,Debit Card,Delivered,April,Q2,-10.95
ORD100417,2024-05-02,Kiran Yadav,Gujarat,Ahmedabad,Beauty,Makeup Kit,1,2654.82,5,2522.08,720.61,Credit Card,Delivered,May,Q2,28.57
ORD100418,2024-05-01,Swati Kapoor,Karnataka,Mysuru,Electronics,Headphones,4,1168.28,15,3972.15,317.05,Cash on Delivery,Delivered,May,Q2,7.98
ORD100419,2024-11-22,Kiran Yadav,Uttar Pradesh,Agra,Electronics,Tablet,2,29365.17,20,46984.27,6511.37,UPI,Delivered,November,Q4,13.86
ORD100420,2024-11-01,Neha Gupta,Kerala,Thiruvananthapuram,Electronics,Smartphone,1,39759.6,5,37771.62,5132.51,Credit Card,Delivered,November,Q4,13.59
ORD100421,2024-05-20,Vikram Shah,Haryana,Faridabad,Electronics,Smartphone,4,19141.22,20,61251.9,8397.87,Net Banking,Delivered,May,Q2,13.71
ORD100422,2024-03-08,Isha Joshi,Gujarat,Surat,Home & Kitchen,Mixer Grinder,1,2060.45,15,1751.38,340.21,Debit Card,Delivered,March,Q1,19.43
ORD100423,2024-10-27,Divya Sahu,Haryana,Faridabad,Sports,Fitness Band,1,1947.7,0,1947.7,422.28,UPI,Delivered,October,Q4,21.68
ORD100424,2024-02-14,Neha Gupta,Telangana,Warangal,Electronics,Laptop,4,72664.72,15,247060.05,34340.13,UPI,Cancelled,February,Q1,13.9
ORD100425,2024-06-28,Manish Jain,Uttar Pradesh,Lucknow,Clothing,Kurta,4,1468.64,5,5580.83,1597.61,Credit Card,Delivered,June,Q2,28.63
ORD100426,2024-06-21,Isha Joshi,Haryana,Gurugram,Electronics,Headphones,3,4109.44,10,11095.49,1413.86,Net Banking,Delivered,June,Q2,12.74
ORD100427,2024-12-28,Sanjay Mehta,Maharashtra,Nagpur,Sports,Fitness Band,2,2736.21,20,4377.94,1245.47,Credit Card,Delivered,December,Q4,28.45
ORD100428,2024-06-18,Rohan Verma,Gujarat,Vadodara,Electronics,Tablet,4,26510.89,5,100741.38,14032.13,UPI,Shipped,June,Q2,13.93
ORD100429,2024-06-25,Swati Kapoor,Kerala,Thiruvananthapuram,Home & Kitchen,Bedsheet,2,1920.41,10,3456.74,833.73,Credit Card,Delivered,June,Q2,24.12
ORD100430,2024-03-15,Isha Joshi,Tamil Nadu,Chennai,Electronics,Smart Watch,1,6893.93,5,6549.23,801.32,Cash on Delivery,Delivered,March,Q1,12.24
ORD100431,2024-07-08,Aarav Sharma,Maharashtra,Nagpur,Electronics,Headphones,1,1238.49,10,1114.64,9.43,Credit Card,Delivered,July,Q3,0.85
ORD100432,2024-11-24,Aarav Sharma,Karnataka,Bengaluru,Clothing,Kurta,1,2052.62,10,1847.36,385.22,Debit Card,Delivered,November,Q4,20.85
ORD100433,2024-12-17,Aditya Rao,Telangana,Hyderabad,Electronics,Smart Watch,1,9802.26,5,9312.15,1156.02,Credit Card,Delivered,December,Q4,12.41
ORD100434,2024-01-04,Kavya Nair,Maharashtra,Nagpur,Home & Kitchen,Cookware Set,2,3168.69,10,5703.64,1459.59,Credit Card,Delivered,January,Q1,25.59
ORD100435,2024-04-20,Ananya Singh,Rajasthan,Jaipur,Electronics,Smartphone,1,12865.93,10,11579.34,1438.49,Debit Card,Shipped,April,Q2,12.42
ORD100436,2024-04-26,Vikram Shah,Kerala,Thiruvananthapuram,Sports,Football,1,916.8,15,779.28,202.46,UPI,Cancelled,April,Q2,25.98
ORD100437,2024-09-02,Rohan Verma,Tamil Nadu,Chennai,Electronics,Smart Watch,2,6750.61,5,12826.16,1565.97,UPI,Delivered,September,Q3,12.21
ORD100438,2024-07-01,Manish Jain,Haryana,Gurugram,Electronics,Tablet,1,20618.49,15,17525.72,2398.79,UPI,Delivered,July,Q3,13.69
ORD100439,2024-11-20,Akash Roy,Karnataka,Bengaluru,Home & Kitchen,Air Fryer,3,4844.32,5,13806.31,3535.78,UPI,Delivered,November,Q4,25.61
ORD100440,2024-04-09,Rohan Verma,Delhi,Delhi,Electronics,Smartphone,1,27919.98,5,26523.98,3517.36,UPI,Delivered,April,Q2,13.26
ORD100441,2024-01-07,Pooja Mishra,Maharashtra,Mumbai,Electronics,Headphones,2,2589.49,10,4661.08,520.85,Credit Card,Cancelled,January,Q1,11.17
ORD100442,2024-04-24,Ananya Singh,Madhya Pradesh,Indore,Sports,Football,2,2390.05,5,4541.1,1329.96,Debit Card,Delivered,April,Q2,29.29
ORD100443,2024-04-21,Rohan Verma,Maharashtra,Nagpur,Beauty,Perfume,2,4800.02,10,8640.04,3122.62,Net Banking,Cancelled,April,Q2,36.14
ORD100444,2024-08-17,Rohan Verma,Karnataka,Bengaluru,Home & Kitchen,Air Fryer,1,7562.37,5,7184.25,1835.57,Debit Card,Delivered,August,Q3,25.55
ORD100445,2024-08-14,Meera Iyer,Delhi,Delhi,Electronics,Headphones,1,5671.84,5,5388.25,568.67,Credit Card,Delivered,August,Q3,10.55
ORD100446,2024-04-25,Divya Sahu,Andhra Pradesh,Visakhapatnam,Sports,Running Shoes,4,6113.7,10,22009.32,6370.69,UPI,Delivered,April,Q2,28.95
ORD100447,2024-12-19,Kavya Nair,Delhi,Delhi,Sports,Running Shoes,2,5235.39,5,9947.24,2804.28,Debit Card,Cancelled,December,Q4,28.19
ORD100448,2024-03-22,Rohan Verma,Delhi,Delhi,Electronics,Smart Watch,1,7214.7,0,7214.7,931.26,Credit Card,Delivered,March,Q1,12.91
ORD100449,2024-04-02,Swati Kapoor,Odisha,Bhubaneswar,Electronics,Smartphone,1,17949.98,5,17052.48,2350.47,Debit Card,Delivered,April,Q2,13.78
ORD100450,2024-05-09,Priya Das,Delhi,Delhi,Beauty,Perfume,1,4559.24,10,4103.32,1401.87,Credit Card,Delivered,May,Q2,34.16
ORD100451,2024-07-19,Arjun Patel,Uttar Pradesh,Kanpur,Home & Kitchen,Mixer Grinder,2,6479.95,5,12311.9,3180.72,Credit Card,Delivered,July,Q3,25.83
ORD100452,2024-01-18,Rohan Verma,Andhra Pradesh,Visakhapatnam,Electronics,Smart Watch,3,6886.28,10,18592.96,2544.42,UPI,Delivered,January,Q1,13.68
ORD100453,2024-08-15,Sneha Reddy,Punjab,Amritsar,Home & Kitchen,Air Fryer,1,6830.55,0,6830.55,1584.82,Debit Card,Delivered,August,Q3,23.2
ORD100454,2024-10-21,Pooja Mishra,Maharashtra,Pune,Electronics,Laptop,1,51470.4,5,48896.88,6641.01,Credit Card,Delivered,October,Q4,13.58
ORD100455,2024-10-22,Sneha Reddy,Odisha,Cuttack,Beauty,Perfume,1,933.23,10,839.91,63.33,Credit Card,Returned,October,Q4,7.54
ORD100456,2024-10-24,Akash Roy,Tamil Nadu,Chennai,Sports,Cricket Bat,1,10504.07,5,9978.87,2850.69,Cash on Delivery,Delivered,October,Q4,28.57
ORD100457,2024-11-14,Rahul Kumar,Maharashtra,Pune,Clothing,Kurta,1,701.38,20,561.1,128.04,Credit Card,Delivered,November,Q4,22.82
ORD100458,2024-09-03,Manish Jain,Telangana,Hyderabad,Beauty,Hair Dryer,1,3000.45,5,2850.43,1010.09,Net Banking,Delivered,September,Q3,35.44
ORD100459,2024-12-06,Sneha Reddy,Telangana,Hyderabad,Electronics,Headphones,1,5371.33,5,5102.76,689.61,Cash on Delivery,Delivered,December,Q4,13.51
ORD100460,2024-04-09,Pooja Mishra,Maharashtra,Nagpur,Clothing,Jacket,2,5368.4,10,9663.12,2961.14,UPI,Delivered,April,Q2,30.64
ORD100461,2024-11-22,Akash Roy,Uttar Pradesh,Lucknow,Beauty,Hair Dryer,2,2475.41,5,4703.28,1633.49,Credit Card,Delivered,November,Q4,34.73
ORD100462,2024-07-16,Akash Roy,Rajasthan,Udaipur,Clothing,Jacket,3,5234.2,10,14132.34,4353.88,UPI,Delivered,July,Q3,30.81
ORD100463,2024-07-10,Arjun Patel,Delhi,Delhi,Clothing,Jeans,4,1445.73,20,4626.34,1379.39,UPI,Delivered,July,Q3,29.82
ORD100464,2024-03-11,Rahul Kumar,Karnataka,Mangaluru,Beauty,Makeup Kit,4,1764.81,10,6353.32,2185.08,Credit Card,Delivered,March,Q1,34.39
ORD100465,2024-06-06,Priya Das,Andhra Pradesh,Vijayawada,Beauty,Face Wash,3,434.35,10,1172.74,200.86,Debit Card,Shipped,June,Q2,17.13
ORD100466,2024-03-02,Manish Jain,Gujarat,Ahmedabad,Clothing,Kurta,1,1246.21,10,1121.59,124.33,Credit Card,Delivered,March,Q1,11.09
ORD100467,2024-07-21,Pooja Mishra,Karnataka,Mangaluru,Beauty,Skin Care Kit,1,1759.03,15,1495.18,454.34,Debit Card,Delivered,July,Q3,30.39
ORD100468,2024-11-13,Aditya Rao,Madhya Pradesh,Bhopal,Electronics,Smartphone,3,15464.97,5,44075.16,6129.88,Cash on Delivery,Delivered,November,Q4,13.91
ORD100469,2024-02-11,Meera Iyer,Telangana,Hyderabad,Electronics,Laptop,2,79493.97,10,143089.15,19947.54,UPI,Cancelled,February,Q1,13.94
ORD100470,2024-04-16,Neha Gupta,Telangana,Hyderabad,Clothing,T-Shirt,2,1646.33,5,3128.03,762.0,Debit Card,Delivered,April,Q2,24.36
ORD100471,2024-12-03,Rahul Kumar,Maharashtra,Nagpur,Clothing,Saree,1,2516.48,0,2516.48,673.18,Debit Card,Delivered,December,Q4,26.75
ORD100472,2024-07-18,Swati Kapoor,Telangana,Warangal,Clothing,Saree,1,5620.61,5,5339.58,1521.89,Cash on Delivery,Shipped,July,Q3,28.5
ORD100473,2024-05-23,Kavya Nair,Kerala,Thiruvananthapuram,Home & Kitchen,Air Fryer,2,8733.13,10,15719.63,3964.53,UPI,Delivered,May,Q2,25.22
ORD100474,2024-04-30,Sanjay Mehta,Madhya Pradesh,Bhopal,Home & Kitchen,Air Fryer,1,4711.73,5,4476.14,1117.84,Debit Card,Delivered,April,Q2,24.97
ORD100475,2024-09-25,Isha Joshi,Delhi,Delhi,Electronics,Smart Watch,1,9008.81,10,8107.93,929.82,UPI,Returned,September,Q3,11.47
ORD100476,2024-12-02,Meera Iyer,Tamil Nadu,Coimbatore,Home & Kitchen,Storage Box,2,547.18,0,1094.36,259.45,Credit Card,Delivered,December,Q4,23.71
ORD100477,2024-07-10,Priya Das,Gujarat,Vadodara,Sports,Yoga Mat,2,1521.39,10,2738.5,730.39,Net Banking,Delivered,July,Q3,26.67
ORD100478,2024-12-22,Meera Iyer,Maharashtra,Nagpur,Home & Kitchen,Storage Box,4,772.36,10,2780.5,568.63,UPI,Shipped,December,Q4,20.45
ORD100479,2024-06-02,Kavya Nair,Telangana,Hyderabad,Electronics,Headphones,4,1991.6,15,6771.44,900.61,UPI,Delivered,June,Q2,13.3
ORD100480,2024-04-28,Isha Joshi,Telangana,Hyderabad,Home & Kitchen,Cookware Set,1,3734.32,5,3547.6,841.41,Debit Card,Delivered,April,Q2,23.72
ORD100481,2024-04-15,Priya Das,Gujarat,Surat,Home & Kitchen,Mixer Grinder,4,5521.89,10,19878.8,5018.67,Debit Card,Delivered,April,Q2,25.25
ORD100482,2024-11-24,Ananya Singh,Gujarat,Vadodara,Sports,Cricket Bat,3,9071.89,5,25854.89,7583.13,Debit Card,Delivered,November,Q4,29.33
ORD100483,2024-08-27,Divya Sahu,Uttar Pradesh,Agra,Electronics,Smart Watch,2,3574.34,5,6791.25,752.66,Credit Card,Delivered,August,Q3,11.08
ORD100484,2024-03-26,Neha Gupta,Tamil Nadu,Chennai,Electronics,Smart Watch,4,11187.77,5,42513.53,5765.21,Cash on Delivery,Cancelled,March,Q1,13.56
ORD100485,2024-12-06,Rohan Verma,Andhra Pradesh,Visakhapatnam,Electronics,Smartphone,3,38811.33,10,104790.59,14631.04,Net Banking,Delivered,December,Q4,13.96
ORD100486,2024-02-01,Pooja Mishra,Uttar Pradesh,Agra,Beauty,Hair Dryer,2,1176.02,5,2234.44,761.9,Credit Card,Shipped,February,Q1,34.1
ORD100487,2024-09-14,Divya Sahu,Gujarat,Vadodara,Beauty,Face Wash,3,236.92,5,675.22,64.44,Credit Card,Returned,September,Q3,9.54
ORD100488,2024-06-20,Pooja Mishra,Maharashtra,Mumbai,Electronics,Headphones,2,6997.75,10,12595.95,1666.97,UPI,Delivered,June,Q2,13.23
ORD100489,2024-07-28,Arjun Patel,Delhi,Delhi,Sports,Football,2,2440.15,10,4392.27,1232.22,Credit Card,Shipped,July,Q3,28.05
ORD100490,2024-06-30,Sanjay Mehta,Tamil Nadu,Coimbatore,Home & Kitchen,Mixer Grinder,1,2249.51,0,2249.51,453.18,Cash on Delivery,Delivered,June,Q2,20.15
ORD100491,2024-09-14,Arjun Patel,Telangana,Hyderabad,Beauty,Perfume,4,1229.94,0,4919.76,1796.62,Net Banking,Delivered,September,Q3,36.52
ORD100492,2024-11-25,Swati Kapoor,Delhi,Delhi,Beauty,Hair Dryer,3,1227.9,15,3131.14,1045.05,Cash on Delivery,Delivered,November,Q4,33.38
ORD100493,2024-12-06,Sneha Reddy,West Bengal,Kolkata,Clothing,Jeans,4,2138.44,15,7270.7,2151.05,UPI,Delivered,December,Q4,29.59
ORD100494,2024-05-30,Meera Iyer,Uttar Pradesh,Agra,Home & Kitchen,Storage Box,2,348.4,10,627.12,84.97,Credit Card,Shipped,May,Q2,13.55
ORD100495,2024-01-12,Arjun Patel,Telangana,Hyderabad,Clothing,Jacket,2,2930.57,10,5275.03,1480.18,Cash on Delivery,Delivered,January,Q1,28.06
ORD100496,2024-03-15,Pooja Mishra,Punjab,Ludhiana,Home & Kitchen,Bedsheet,3,854.02,5,2433.96,510.42,Credit Card,Shipped,March,Q1,20.97
ORD100497,2024-03-23,Akash Roy,Delhi,Delhi,Home & Kitchen,Mixer Grinder,1,5396.99,5,5127.14,1129.52,Debit Card,Delivered,March,Q1,22.03
ORD100498,2024-03-01,Divya Sahu,Karnataka,Mysuru,Sports,Football,2,593.99,20,950.38,178.36,Cash on Delivery,Delivered,March,Q1,18.77
ORD100499,2024-12-01,Neha Gupta,Madhya Pradesh,Bhopal,Electronics,Laptop,2,80371.53,10,144668.75,20202.96,UPI,Delivered,December,Q4,13.96
ORD100500,2024-02-18,Sneha Reddy,Tamil Nadu,Coimbatore,Clothing,Jeans,1,1207.42,0,1207.42,232.21,Cash on Delivery,Delivered,February,Q1,19.23
ORD100501,2024-06-16,Meera Iyer,Kerala,Thiruvananthapuram,Home & Kitchen,Mixer Grinder,4,4550.9,0,18203.6,4553.84,Debit Card,Delivered,June,Q2,25.02
ORD100502,2024-07-13,Manish Jain,Delhi,Delhi,Clothing,T-Shirt,1,1404.17,15,1193.54,163.13,Credit Card,Delivered,July,Q3,13.67
ORD100503,2024-09-02,Swati Kapoor,Maharashtra,Mumbai,Sports,Yoga Mat,4,510.01,0,2040.04,424.83,Cash on Delivery,Delivered,September,Q3,20.82
ORD100504,2024-11-03,Akash Roy,Maharashtra,Mumbai,Clothing,T-Shirt,2,1057.17,10,1902.91,447.47,UPI,Delivered,November,Q4,23.52
ORD100505,2024-08-18,Arjun Patel,Uttar Pradesh,Agra,Electronics,Tablet,1,21645.53,15,18398.7,2554.18,Credit Card,Delivered,August,Q3,13.88
ORD100506,2024-07-31,Manish Jain,Uttar Pradesh,Kanpur,Home & Kitchen,Air Fryer,2,8086.5,0,16173.0,4019.27,UPI,Delivered,July,Q3,24.85
ORD100507,2024-04-06,Vikram Shah,Maharashtra,Mumbai,Electronics,Smart Watch,3,7861.92,10,21227.18,2885.05,Credit Card,Delivered,April,Q2,13.59
ORD100508,2024-06-30,Arjun Patel,Gujarat,Surat,Electronics,Smartphone,1,50439.14,10,45395.23,6117.9,UPI,Cancelled,June,Q2,13.48
ORD100509,2024-11-18,Sanjay Mehta,Karnataka,Mysuru,Clothing,T-Shirt,1,790.61,20,632.49,169.75,Credit Card,Delivered,November,Q4,26.84
ORD100510,2024-03-27,Aditya Rao,Uttar Pradesh,Agra,Electronics,Smart Watch,2,2413.15,10,4343.67,424.15,Credit Card,Delivered,March,Q1,9.76
ORD100511,2024-01-19,Manish Jain,Maharashtra,Pune,Sports,Football,2,2421.49,15,4116.53,1209.43,Credit Card,Delivered,January,Q1,29.38
ORD100512,2024-07-22,Priya Das,Karnataka,Mysuru,Electronics,Headphones,4,2504.35,10,9015.66,1203.29,Net Banking,Shipped,July,Q3,13.35
ORD100513,2024-10-05,Manish Jain,West Bengal,Kolkata,Electronics,Tablet,1,28030.85,10,25227.76,3481.22,Cash on Delivery,Shipped,October,Q4,13.8
ORD100514,2024-07-31,Manish Jain,Odisha,Cuttack,Clothing,Saree,2,4008.2,10,7214.76,2105.49,UPI,Delivered,July,Q3,29.18
ORD100515,2024-01-18,Rohan Verma,Madhya Pradesh,Bhopal,Electronics,Headphones,4,2134.94,10,7685.78,953.54,Net Banking,Delivered,January,Q1,12.41
ORD100516,2024-07-18,Akash Roy,Odisha,Cuttack,Beauty,Skin Care Kit,1,1741.72,0,1741.72,564.06,Credit Card,Delivered,July,Q3,32.39
ORD100517,2024-10-30,Swati Kapoor,Haryana,Gurugram,Clothing,Saree,1,6057.21,15,5148.63,1590.62,UPI,Delivered,October,Q4,30.89
ORD100518,2024-12-24,Divya Sahu,Tamil Nadu,Madurai,Electronics,Smartphone,1,27199.35,0,27199.35,3569.75,Debit Card,Delivered,December,Q4,13.12
ORD100519,2024-04-28,Ananya Singh,Kerala,Kochi,Clothing,Jeans,4,2944.46,10,10600.06,3207.34,Debit Card,Delivered,April,Q2,30.26
ORD100520,2024-01-03,Pooja Mishra,Maharashtra,Pune,Sports,Running Shoes,2,2660.33,10,4788.59,1229.17,Credit Card,Delivered,January,Q1,25.67
ORD100521,2024-11-20,Pooja Mishra,Maharashtra,Mumbai,Electronics,Smartphone,1,38670.1,0,38670.1,5327.18,UPI,Delivered,November,Q4,13.78
ORD100522,2024-02-25,Neha Gupta,Maharashtra,Mumbai,Clothing,Saree,1,6255.2,15,5316.92,1625.83,UPI,Delivered,February,Q1,30.58
ORD100523,2024-03-17,Swati Kapoor,Delhi,Delhi,Electronics,Tablet,1,22588.64,5,21459.21,2930.84,Debit Card,Returned,March,Q1,13.66
ORD100524,2024-01-13,Aditya Rao,Tamil Nadu,Madurai,Beauty,Perfume,1,4208.83,15,3577.51,1077.38,Cash on Delivery,Shipped,January,Q1,30.12
ORD100525,2024-01-11,Rohan Verma,Maharashtra,Mumbai,Home & Kitchen,Cookware Set,3,1794.18,10,4844.29,1176.34,Credit Card,Delivered,January,Q1,24.28
ORD100526,2024-01-20,Ananya Singh,Karnataka,Mysuru,Home & Kitchen,Cookware Set,4,2889.59,5,10980.44,2721.75,UPI,Delivered,January,Q1,24.79
ORD100527,2024-08-01,Swati Kapoor,Tamil Nadu,Chennai,Clothing,T-Shirt,3,1037.11,10,2800.2,851.63,Cash on Delivery,Shipped,August,Q3,30.41
ORD100528,2024-10-19,Akash Roy,Maharashtra,Mumbai,Beauty,Makeup Kit,1,3200.24,10,2880.22,924.08,UPI,Delivered,October,Q4,32.08
ORD100529,2024-01-02,Sanjay Mehta,Tamil Nadu,Coimbatore,Electronics,Headphones,1,5779.83,5,5490.84,724.98,Credit Card,Delivered,January,Q1,13.2
ORD100530,2024-05-07,Rohan Verma,Uttar Pradesh,Agra,Sports,Yoga Mat,2,1788.8,10,3219.84,798.04,UPI,Delivered,May,Q2,24.79
ORD100531,2024-03-04,Akash Roy,Karnataka,Bengaluru,Electronics,Tablet,1,43004.4,20,34403.52,4692.09,Credit Card,Delivered,March,Q1,13.64
ORD100532,2024-04-11,Isha Joshi,Delhi,Delhi,Clothing,Jacket,1,5688.03,20,4550.42,1418.89,UPI,Delivered,April,Q2,31.18
ORD100533,2024-03-24,Rahul Kumar,Maharashtra,Nagpur,Home & Kitchen,Bedsheet,1,1829.95,10,1646.96,349.54,Cash on Delivery,Delivered,March,Q1,21.22
ORD100534,2024-01-10,Divya Sahu,Karnataka,Mysuru,Beauty,Hair Dryer,1,2441.01,0,2441.01,784.99,Credit Card,Cancelled,January,Q1,32.16
ORD100535,2024-08-23,Kavya Nair,Telangana,Warangal,Sports,Cricket Bat,2,11800.97,5,22421.84,6549.57,Debit Card,Delivered,August,Q3,29.21
ORD100536,2024-05-28,Ananya Singh,Telangana,Hyderabad,Home & Kitchen,Mixer Grinder,1,1856.01,15,1577.61,185.29,Credit Card,Delivered,May,Q2,11.74
ORD100537,2024-01-21,Kavya Nair,Rajasthan,Udaipur,Clothing,Kurta,1,1015.62,15,863.28,200.32,Credit Card,Delivered,January,Q1,23.2
ORD100538,2024-06-02,Pooja Mishra,Punjab,Amritsar,Electronics,Smart Watch,3,6897.25,10,18622.58,2508.41,Credit Card,Delivered,June,Q2,13.47
ORD100539,2024-03-13,Sanjay Mehta,Gujarat,Ahmedabad,Electronics,Smartphone,3,48134.97,0,144404.91,20064.95,Cash on Delivery,Delivered,March,Q1,13.89
ORD100540,2024-02-27,Isha Joshi,Maharashtra,Nagpur,Electronics,Smart Watch,4,7597.94,10,27352.58,3603.95,Debit Card,Delivered,February,Q1,13.18
ORD100541,2024-11-21,Ananya Singh,Telangana,Hyderabad,Beauty,Face Wash,1,254.19,5,241.48,45.05,Cash on Delivery,Delivered,November,Q4,18.66
ORD100542,2024-04-26,Swati Kapoor,Maharashtra,Pune,Beauty,Hair Dryer,2,2649.36,15,4503.91,1580.64,Debit Card,Delivered,April,Q2,35.09
ORD100543,2024-01-24,Priya Das,Haryana,Gurugram,Electronics,Headphones,2,2367.65,0,4735.3,531.72,UPI,Cancelled,January,Q1,11.23
ORD100544,2024-10-25,Arjun Patel,Punjab,Ludhiana,Home & Kitchen,Bedsheet,4,1042.47,10,3752.89,819.2,Cash on Delivery,Delivered,October,Q4,21.83
ORD100545,2024-01-07,Manish Jain,Delhi,Delhi,Sports,Football,1,2467.86,5,2344.47,553.48,UPI,Cancelled,January,Q1,23.61
ORD100546,2024-11-28,Aarav Sharma,Odisha,Bhubaneswar,Sports,Football,4,2313.97,5,8793.09,2492.42,Debit Card,Delivered,November,Q4,28.35
ORD100547,2024-08-03,Vikram Shah,Uttar Pradesh,Agra,Clothing,Saree,1,2034.43,10,1830.99,447.87,UPI,Delivered,August,Q3,24.46
ORD100548,2024-01-21,Priya Das,Madhya Pradesh,Indore,Electronics,Smart Watch,2,2411.22,15,4099.07,472.43,Debit Card,Delivered,January,Q1,11.53
ORD100549,2024-02-18,Arjun Patel,Rajasthan,Jaipur,Electronics,Tablet,2,11365.22,10,20457.4,2726.62,UPI,Delivered,February,Q1,13.33
ORD100550,2024-05-02,Arjun Patel,Karnataka,Mysuru,Clothing,T-Shirt,4,1779.84,0,7119.36,2054.18,UPI,Delivered,May,Q2,28.85
ORD100551,2024-12-27,Aditya Rao,Kerala,Thiruvananthapuram,Home & Kitchen,Air Fryer,1,5517.41,0,5517.41,1311.19,Net Banking,Returned,December,Q4,23.76
ORD100552,2024-06-05,Kiran Yadav,West Bengal,Durgapur,Electronics,Smartphone,2,23671.53,10,42608.75,5779.38,UPI,Delivered,June,Q2,13.56
ORD100553,2024-11-15,Sneha Reddy,Delhi,Delhi,Home & Kitchen,Mixer Grinder,4,2249.13,5,8546.69,2052.11,Credit Card,Delivered,November,Q4,24.01
ORD100554,2024-02-21,Arjun Patel,Maharashtra,Pune,Sports,Yoga Mat,1,1711.48,15,1454.76,398.76,Credit Card,Delivered,February,Q1,27.41
ORD100555,2024-01-29,Rahul Kumar,Maharashtra,Pune,Beauty,Makeup Kit,1,3923.29,0,3923.29,1262.72,Credit Card,Delivered,January,Q1,32.19
ORD100556,2024-11-06,Aditya Rao,Karnataka,Bengaluru,Electronics,Laptop,1,58965.94,10,53069.35,7313.99,UPI,Returned,November,Q4,13.78
ORD100557,2024-11-07,Vikram Shah,Maharashtra,Pune,Electronics,Smart Watch,1,9758.31,5,9270.39,1166.73,UPI,Delivered,November,Q4,12.59
ORD100558,2024-10-31,Pooja Mishra,Telangana,Warangal,Home & Kitchen,Bedsheet,1,2492.83,10,2243.55,365.77,Credit Card,Delivered,October,Q4,16.3
ORD100559,2024-04-23,Vikram Shah,Kerala,Thiruvananthapuram,Home & Kitchen,Cookware Set,2,2786.06,10,5014.91,1277.25,Debit Card,Delivered,April,Q2,25.47
ORD100560,2024-11-23,Akash Roy,Madhya Pradesh,Bhopal,Home & Kitchen,Cookware Set,1,1817.54,5,1726.66,263.94,Debit Card,Delivered,November,Q4,15.29
ORD100561,2024-04-06,Kiran Yadav,Maharashtra,Pune,Clothing,Kurta,1,1891.44,15,1607.72,322.79,UPI,Cancelled,April,Q2,20.08
ORD100562,2024-09-25,Aarav Sharma,Haryana,Gurugram,Home & Kitchen,Air Fryer,1,5786.18,10,5207.56,1143.08,Credit Card,Delivered,September,Q3,21.95
ORD100563,2024-05-13,Isha Joshi,Gujarat,Ahmedabad,Clothing,Jeans,1,1044.89,5,992.65,68.65,Credit Card,Delivered,May,Q2,6.92
ORD100564,2024-05-29,Sneha Reddy,Odisha,Cuttack,Home & Kitchen,Bedsheet,2,1966.67,5,3736.67,844.83,UPI,Cancelled,May,Q2,22.61
ORD100565,2024-07-01,Aditya Rao,Uttar Pradesh,Agra,Home & Kitchen,Bedsheet,4,845.82,0,3383.28,645.77,Credit Card,Delivered,July,Q3,19.09
ORD100566,2024-09-03,Meera Iyer,Karnataka,Mysuru,Beauty,Skin Care Kit,1,2689.18,0,2689.18,887.12,UPI,Shipped,September,Q3,32.99
ORD100567,2024-04-01,Divya Sahu,West Bengal,Kolkata,Electronics,Smartphone,2,19515.75,20,31225.2,4284.96,Credit Card,Returned,April,Q2,13.72
ORD100568,2024-05-22,Pooja Mishra,Maharashtra,Mumbai,Clothing,Jacket,1,3331.04,10,2997.94,710.26,Cash on Delivery,Shipped,May,Q2,23.69
ORD100569,2024-11-29,Meera Iyer,Punjab,Ludhiana,Beauty,Perfume,4,2221.73,20,7109.54,2413.16,Credit Card,Returned,November,Q4,33.94
ORD100570,2024-02-13,Priya Das,Maharashtra,Nagpur,Home & Kitchen,Cookware Set,4,2601.16,0,10404.64,2658.58,Cash on Delivery,Delivered,February,Q1,25.55
ORD100571,2024-03-09,Aditya Rao,Maharashtra,Mumbai,Sports,Football,2,2372.99,15,4034.08,1140.29,Credit Card,Returned,March,Q1,28.27
ORD100572,2024-01-31,Vikram Shah,Punjab,Amritsar,Electronics,Smartphone,4,28211.33,10,101560.79,14050.13,UPI,Returned,January,Q1,13.83
ORD100573,2024-01-20,Sneha Reddy,Karnataka,Mysuru,Home & Kitchen,Bedsheet,4,2371.31,10,8536.72,2120.96,Net Banking,Cancelled,January,Q1,24.85
ORD100574,2024-02-17,Akash Roy,Rajasthan,Jaipur,Clothing,Jeans,1,2161.76,15,1837.5,444.6,Cash on Delivery,Delivered,February,Q1,24.2
ORD100575,2024-09-02,Aarav Sharma,West Bengal,Durgapur,Electronics,Tablet,3,11096.99,15,28297.32,3716.47,Credit Card,Delivered,September,Q3,13.13
ORD100576,2024-08-03,Meera Iyer,Karnataka,Mysuru,Home & Kitchen,Cookware Set,2,2190.57,15,3723.97,751.32,UPI,Delivered,August,Q3,20.18
ORD100577,2024-07-26,Aditya Rao,Odisha,Bhubaneswar,Electronics,Laptop,1,72388.27,15,61530.03,8433.95,UPI,Delivered,July,Q3,13.71
ORD100578,2024-09-01,Isha Joshi,Madhya Pradesh,Bhopal,Electronics,Smart Watch,2,7732.54,5,14691.83,1933.06,UPI,Delivered,September,Q3,13.16
ORD100579,2024-12-24,Sanjay Mehta,Gujarat,Ahmedabad,Beauty,Face Wash,1,532.18,20,425.74,14.32,Credit Card,Shipped,December,Q4,3.36
ORD100580,2024-02-03,Swati Kapoor,Kerala,Thiruvananthapuram,Beauty,Skin Care Kit,2,2346.13,10,4223.03,1331.43,Cash on Delivery,Delivered,February,Q1,31.53
ORD100581,2024-08-14,Meera Iyer,Gujarat,Surat,Electronics,Tablet,1,13719.31,5,13033.34,1701.78,UPI,Delivered,August,Q3,13.06
ORD100582,2024-05-16,Sneha Reddy,Gujarat,Vadodara,Clothing,Jeans,1,1754.78,5,1667.04,399.02,UPI,Delivered,May,Q2,23.94
ORD100583,2024-06-30,Rohan Verma,Delhi,Delhi,Beauty,Face Wash,2,705.94,5,1341.29,305.62,UPI,Shipped,June,Q2,22.79
ORD100584,2024-01-24,Sanjay Mehta,Telangana,Warangal,Clothing,Kurta,1,2783.6,5,2644.42,706.8,UPI,Delivered,January,Q1,26.73
ORD100585,2024-06-30,Pooja Mishra,Gujarat,Vadodara,Clothing,Saree,1,4359.98,15,3705.98,1052.4,Credit Card,Delivered,June,Q2,28.4
ORD100586,2024-01-15,Vikram Shah,Uttar Pradesh,Kanpur,Electronics,Headphones,1,3560.39,15,3026.33,222.74,Credit Card,Delivered,January,Q1,7.36
ORD100587,2024-10-05,Akash Roy,Delhi,Delhi,Home & Kitchen,Cookware Set,2,1940.99,0,3881.98,965.78,Credit Card,Cancelled,October,Q4,24.88
ORD100588,2024-07-09,Neha Gupta,Uttar Pradesh,Kanpur,Electronics,Tablet,1,14130.21,5,13423.7,1741.5,Credit Card,Delivered,July,Q3,12.97
ORD100589,2024-07-06,Swati Kapoor,Gujarat,Ahmedabad,Home & Kitchen,Air Fryer,1,7919.82,10,7127.84,1666.87,UPI,Shipped,July,Q3,23.39
ORD100590,2024-05-25,Aarav Sharma,Telangana,Warangal,Home & Kitchen,Storage Box,3,605.6,10,1635.12,358.05,Credit Card,Delivered,May,Q2,21.9
ORD100591,2024-09-14,Kiran Yadav,Uttar Pradesh,Lucknow,Electronics,Headphones,3,1948.69,10,5261.46,587.44,UPI,Delivered,September,Q3,11.16
ORD100592,2024-12-03,Arjun Patel,Gujarat,Ahmedabad,Clothing,Saree,3,3459.19,15,8820.93,2621.45,UPI,Delivered,December,Q4,29.72
ORD100593,2024-07-17,Ananya Singh,Maharashtra,Pune,Beauty,Perfume,1,3482.43,15,2960.07,1053.69,Net Banking,Delivered,July,Q3,35.6
ORD100594,2024-08-24,Kavya Nair,Uttar Pradesh,Kanpur,Electronics,Tablet,1,42433.29,5,40311.63,5531.11,UPI,Delivered,August,Q3,13.72
ORD100595,2024-04-01,Rohan Verma,Tamil Nadu,Chennai,Electronics,Laptop,4,44204.77,10,159137.17,22255.68,Cash on Delivery,Delivered,April,Q2,13.99
ORD100596,2024-07-15,Rahul Kumar,Telangana,Warangal,Electronics,Tablet,2,14248.02,0,28496.04,3887.81,Credit Card,Delivered,July,Q3,13.64
ORD100597,2024-12-31,Ananya Singh,Uttar Pradesh,Agra,Clothing,Saree,2,2123.12,10,3821.62,1003.55,Cash on Delivery,Cancelled,December,Q4,26.26
ORD100598,2024-04-28,Kiran Yadav,Gujarat,Surat,Clothing,Kurta,2,2095.45,15,3562.26,954.3,UPI,Delivered,April,Q2,26.79
ORD100599,2024-12-04,Rahul Kumar,Telangana,Warangal,Electronics,Smart Watch,4,7273.71,15,24730.61,3287.47,Net Banking,Cancelled,December,Q4,13.29
ORD100600,2024-07-19,Kiran Yadav,Karnataka,Mysuru,Beauty,Skin Care Kit,3,842.39,0,2527.17,845.35,Debit Card,Delivered,July,Q3,33.45
ORD100601,2024-08-24,Akash Roy,Maharashtra,Mumbai,Beauty,Hair Dryer,2,2597.09,10,4674.76,1570.1,Cash on Delivery,Delivered,August,Q3,33.59
ORD100602,2024-03-27,Rahul Kumar,Uttar Pradesh,Lucknow,Home & Kitchen,Mixer Grinder,2,3888.87,0,7777.74,1879.06,UPI,Delivered,March,Q1,24.16
ORD100603,2024-05-18,Meera Iyer,Haryana,Gurugram,Clothing,Saree,1,5250.36,5,4987.84,1556.96,Debit Card,Delivered,May,Q2,31.22
ORD100604,2024-11-03,Meera Iyer,Uttar Pradesh,Agra,Home & Kitchen,Storage Box,1,751.43,10,676.29,-30.19,Credit Card,Delivered,November,Q4,-4.46
ORD100605,2024-03-05,Swati Kapoor,Telangana,Hyderabad,Sports,Fitness Band,1,3247.79,10,2923.01,850.16,Debit Card,Delivered,March,Q1,29.09
ORD100606,2024-04-27,Priya Das,Telangana,Warangal,Clothing,T-Shirt,1,1731.04,10,1557.94,278.1,UPI,Returned,April,Q2,17.85
ORD100607,2024-12-23,Vikram Shah,Uttar Pradesh,Kanpur,Electronics,Smartphone,2,20167.19,15,34284.22,4626.88,UPI,Delivered,December,Q4,13.5
ORD100608,2024-02-24,Rohan Verma,Kerala,Thiruvananthapuram,Electronics,Tablet,1,44300.19,5,42085.18,5642.08,UPI,Delivered,February,Q1,13.41
ORD100609,2024-05-09,Sanjay Mehta,Punjab,Ludhiana,Clothing,T-Shirt,2,1041.49,5,1978.83,565.14,Cash on Delivery,Cancelled,May,Q2,28.56
ORD100610,2024-08-11,Meera Iyer,West Bengal,Durgapur,Home & Kitchen,Bedsheet,4,1801.03,0,7204.12,1642.41,Debit Card,Delivered,August,Q3,22.8
ORD100611,2024-12-10,Akash Roy,Rajasthan,Jaipur,Electronics,Tablet,2,30350.89,20,48561.42,6573.94,Debit Card,Delivered,December,Q4,13.54
ORD100612,2024-03-31,Aarav Sharma,Tamil Nadu,Madurai,Home & Kitchen,Bedsheet,4,2484.48,5,9441.02,2304.73,UPI,Delivered,March,Q1,24.41
ORD100613,2024-04-23,Swati Kapoor,Rajasthan,Udaipur,Clothing,Kurta,4,1457.92,15,4956.93,1464.93,Credit Card,Shipped,April,Q2,29.55
ORD100614,2024-03-13,Rohan Verma,Haryana,Faridabad,Sports,Fitness Band,2,2196.99,0,4393.98,1217.18,Cash on Delivery,Delivered,March,Q1,27.7
ORD100615,2024-08-17,Arjun Patel,Delhi,Delhi,Clothing,T-Shirt,4,1429.35,10,5145.66,1399.29,Credit Card,Delivered,August,Q3,27.19
ORD100616,2024-05-12,Aditya Rao,Punjab,Ludhiana,Beauty,Skin Care Kit,4,1206.45,15,4101.93,1294.94,Credit Card,Shipped,May,Q2,31.57
ORD100617,2024-10-13,Neha Gupta,Haryana,Gurugram,Clothing,Kurta,3,2210.68,10,5968.84,1766.01,Net Banking,Delivered,October,Q4,29.59
ORD100618,2024-09-29,Pooja Mishra,Andhra Pradesh,Vijayawada,Electronics,Smartphone,1,43012.65,0,43012.65,5921.89,UPI,Delivered,September,Q3,13.77
ORD100619,2024-11-21,Aditya Rao,Uttar Pradesh,Kanpur,Beauty,Perfume,1,1096.31,15,931.86,157.74,UPI,Delivered,November,Q4,16.93
ORD100620,2024-11-15,Akash Roy,Madhya Pradesh,Bhopal,Home & Kitchen,Mixer Grinder,3,2350.2,10,6345.54,1462.5,Debit Card,Delivered,November,Q4,23.05
ORD100621,2024-12-31,Aarav Sharma,Haryana,Faridabad,Clothing,Jeans,1,2180.24,10,1962.22,443.53,Debit Card,Delivered,December,Q4,22.6
ORD100622,2024-10-06,Vikram Shah,Delhi,Delhi,Clothing,Saree,1,3356.65,0,3356.65,933.54,Net Banking,Delivered,October,Q4,27.81
ORD100623,2024-10-16,Rohan Verma,Maharashtra,Nagpur,Beauty,Hair Dryer,2,2355.0,15,4003.5,1304.16,UPI,Shipped,October,Q4,32.58
ORD100624,2024-07-12,Meera Iyer,Maharashtra,Mumbai,Electronics,Tablet,4,36153.26,20,115690.43,16140.85,UPI,Delivered,July,Q3,13.95
ORD100625,2024-03-01,Rohan Verma,Rajasthan,Jaipur,Sports,Yoga Mat,4,1576.74,5,5991.61,1583.91,Credit Card,Cancelled,March,Q1,26.44
ORD100626,2024-04-01,Rohan Verma,Punjab,Amritsar,Home & Kitchen,Storage Box,1,373.61,10,336.25,24.07,Cash on Delivery,Returned,April,Q2,7.16
ORD100627,2024-02-21,Rahul Kumar,Haryana,Gurugram,Clothing,Kurta,1,1253.57,10,1128.21,264.18,Credit Card,Delivered,February,Q1,23.42
ORD100628,2024-01-02,Arjun Patel,Madhya Pradesh,Bhopal,Electronics,Smartphone,2,14276.25,5,27124.88,3574.76,Debit Card,Delivered,January,Q1,13.18
ORD100629,2024-08-15,Manish Jain,Karnataka,Mysuru,Home & Kitchen,Storage Box,4,1087.2,10,3913.92,868.33,UPI,Delivered,August,Q3,22.19
ORD100630,2024-05-29,Isha Joshi,Maharashtra,Pune,Sports,Yoga Mat,1,1001.97,15,851.67,18.86,Debit Card,Delivered,May,Q2,2.21
ORD100631,2024-04-03,Rahul Kumar,Telangana,Hyderabad,Electronics,Laptop,1,49993.26,10,44993.93,6209.77,Credit Card,Shipped,April,Q2,13.8
ORD100632,2024-07-03,Ananya Singh,Tamil Nadu,Coimbatore,Electronics,Smart Watch,1,11167.94,10,10051.15,1260.5,Net Banking,Delivered,July,Q3,12.54
ORD100633,2024-11-16,Sneha Reddy,Maharashtra,Nagpur,Beauty,Hair Dryer,1,3335.08,5,3168.33,1132.33,Debit Card,Delivered,November,Q4,35.74
ORD100634,2024-07-11,Isha Joshi,Gujarat,Ahmedabad,Electronics,Tablet,1,24794.59,5,23554.86,3157.05,Debit Card,Shipped,July,Q3,13.4
ORD100635,2024-11-09,Aditya Rao,Karnataka,Mysuru,Home & Kitchen,Cookware Set,4,4024.52,10,14488.27,3715.12,Debit Card,Delivered,November,Q4,25.64
ORD100636,2024-07-21,Kiran Yadav,Odisha,Bhubaneswar,Electronics,Laptop,3,61988.24,5,176666.48,24574.85,Debit Card,Delivered,July,Q3,13.91
ORD100637,2024-03-24,Ananya Singh,Tamil Nadu,Coimbatore,Electronics,Smartphone,4,48936.16,5,185957.41,25913.29,Credit Card,Delivered,March,Q1,13.94
ORD100638,2024-05-28,Priya Das,Uttar Pradesh,Agra,Clothing,Jeans,1,2796.48,10,2516.83,683.76,Credit Card,Delivered,May,Q2,27.17
ORD100639,2024-11-06,Sanjay Mehta,Telangana,Warangal,Clothing,T-Shirt,1,582.45,10,524.21,-53.11,UPI,Shipped,November,Q4,-10.13
ORD100640,2024-06-13,Manish Jain,West Bengal,Kolkata,Electronics,Laptop,3,37606.0,10,101536.2,14141.43,Cash on Delivery,Delivered,June,Q2,13.93
ORD100641,2024-10-14,Pooja Mishra,Maharashtra,Nagpur,Electronics,Tablet,2,29021.96,15,49337.33,6702.53,Credit Card,Delivered,October,Q4,13.59
ORD100642,2024-01-22,Ananya Singh,Madhya Pradesh,Indore,Clothing,Jacket,1,5139.86,5,4882.87,1536.8,UPI,Delivered,January,Q1,31.47
ORD100643,2024-07-22,Pooja Mishra,Andhra Pradesh,Vijayawada,Sports,Fitness Band,2,1978.16,15,3362.87,966.2,UPI,Delivered,July,Q3,28.73
ORD100644,2024-08-05,Kavya Nair,Andhra Pradesh,Vijayawada,Electronics,Tablet,1,30695.54,0,30695.54,4087.03,Credit Card,Delivered,August,Q3,13.31
ORD100645,2024-03-29,Sanjay Mehta,Maharashtra,Mumbai,Beauty,Hair Dryer,1,910.68,15,774.08,187.15,UPI,Delivered,March,Q1,24.18
ORD100646,2024-03-25,Aditya Rao,Maharashtra,Nagpur,Clothing,T-Shirt,1,1469.95,10,1322.96,205.12,Credit Card,Returned,March,Q1,15.5
ORD100647,2024-04-14,Sneha Reddy,Maharashtra,Nagpur,Sports,Fitness Band,3,2149.61,10,5803.95,1586.1,UPI,Returned,April,Q2,27.33
ORD100648,2024-01-14,Priya Das,Gujarat,Vadodara,Clothing,Jacket,1,2762.05,10,2485.85,760.64,Net Banking,Delivered,January,Q1,30.6
ORD100649,2024-08-17,Pooja Mishra,Tamil Nadu,Madurai,Electronics,Smart Watch,2,2684.83,15,4564.21,607.52,Debit Card,Shipped,August,Q3,13.31
ORD100650,2024-05-17,Aditya Rao,Maharashtra,Nagpur,Sports,Football,1,776.57,10,698.91,73.95,UPI,Delivered,May,Q2,10.58
ORD100651,2024-08-28,Meera Iyer,Punjab,Ludhiana,Beauty,Skin Care Kit,1,1848.82,5,1756.38,538.21,UPI,Delivered,August,Q3,30.64
ORD100652,2024-01-10,Kavya Nair,Karnataka,Bengaluru,Clothing,Jacket,2,4109.12,5,7807.33,2371.55,Credit Card,Shipped,January,Q1,30.38
ORD100653,2024-09-21,Neha Gupta,Telangana,Hyderabad,Electronics,Smartphone,1,40660.61,10,36594.55,5090.65,Credit Card,Cancelled,September,Q3,13.91
ORD100654,2024-11-01,Sanjay Mehta,Uttar Pradesh,Agra,Beauty,Skin Care Kit,1,2971.09,10,2673.98,940.75,Net Banking,Delivered,November,Q4,35.18
ORD100655,2024-10-03,Divya Sahu,Delhi,Delhi,Clothing,Jeans,1,3250.7,5,3088.16,943.81,Debit Card,Delivered,October,Q4,30.56
ORD100656,2024-03-30,Kiran Yadav,Karnataka,Mysuru,Home & Kitchen,Mixer Grinder,4,3355.66,10,12080.38,3017.66,Debit Card,Delivered,March,Q1,24.98
ORD100657,2024-07-17,Akash Roy,Punjab,Amritsar,Home & Kitchen,Bedsheet,4,636.86,10,2292.7,406.94,Net Banking,Delivered,July,Q3,17.75
ORD100658,2024-03-25,Ananya Singh,Kerala,Thiruvananthapuram,Clothing,Jacket,1,2917.28,10,2625.55,599.84,Credit Card,Delivered,March,Q1,22.85
ORD100659,2024-11-26,Isha Joshi,Andhra Pradesh,Vijayawada,Clothing,Jeans,1,1590.53,0,1590.53,471.69,Credit Card,Shipped,November,Q4,29.66
ORD100660,2024-11-05,Kavya Nair,Karnataka,Bengaluru,Beauty,Perfume,2,2941.94,10,5295.49,1829.61,Cash on Delivery,Delivered,November,Q4,34.55
ORD100661,2024-08-15,Manish Jain,Maharashtra,Pune,Clothing,Jacket,2,2398.07,10,4316.53,1185.83,Cash on Delivery,Delivered,August,Q3,27.47
ORD100662,2024-01-04,Neha Gupta,Kerala,Kochi,Clothing,Jacket,1,1813.61,15,1541.57,324.16,Credit Card,Delivered,January,Q1,21.03
ORD100663,2024-11-24,Sanjay Mehta,West Bengal,Kolkata,Beauty,Perfume,2,1683.16,15,2861.37,912.34,Debit Card,Delivered,November,Q4,31.88
ORD100664,2024-09-01,Ananya Singh,Madhya Pradesh,Bhopal,Clothing,Jacket,1,3802.16,0,3802.16,978.74,Credit Card,Delivered,September,Q3,25.74
ORD100665,2024-05-20,Kiran Yadav,Uttar Pradesh,Kanpur,Clothing,T-Shirt,2,1614.01,0,3228.02,996.32,UPI,Cancelled,May,Q2,30.86
ORD100666,2024-06-25,Vikram Shah,Maharashtra,Pune,Electronics,Headphones,1,4016.76,10,3615.08,281.98,Debit Card,Delivered,June,Q2,7.8
ORD100667,2024-11-13,Kiran Yadav,Uttar Pradesh,Kanpur,Clothing,Kurta,1,2846.08,5,2703.78,816.12,Cash on Delivery,Delivered,November,Q4,30.18
ORD100668,2024-12-04,Ananya Singh,Uttar Pradesh,Kanpur,Home & Kitchen,Mixer Grinder,1,4369.09,5,4150.64,972.0,Credit Card,Delivered,December,Q4,23.42
ORD100669,2024-04-25,Kiran Yadav,Uttar Pradesh,Lucknow,Sports,Cricket Bat,4,10346.61,15,35178.47,10524.28,Cash on Delivery,Delivered,April,Q2,29.92
ORD100670,2024-02-26,Vikram Shah,Telangana,Hyderabad,Electronics,Smart Watch,1,7587.24,10,6828.52,773.67,Cash on Delivery,Delivered,February,Q1,11.33
ORD100671,2024-05-01,Aditya Rao,Andhra Pradesh,Vijayawada,Home & Kitchen,Storage Box,4,715.33,0,2861.32,668.46,UPI,Delivered,May,Q2,23.36
ORD100672,2024-04-09,Aarav Sharma,Tamil Nadu,Coimbatore,Home & Kitchen,Bedsheet,1,2244.73,15,1908.02,459.22,Cash on Delivery,Delivered,April,Q2,24.07
ORD100673,2024-01-10,Priya Das,Telangana,Hyderabad,Beauty,Makeup Kit,2,859.43,20,1375.09,400.58,UPI,Delivered,January,Q1,29.13
ORD100674,2024-10-07,Vikram Shah,Gujarat,Ahmedabad,Clothing,Kurta,1,2623.07,20,2098.46,616.16,Cash on Delivery,Delivered,October,Q4,29.36
ORD100675,2024-04-14,Rahul Kumar,West Bengal,Durgapur,Sports,Cricket Bat,1,8726.3,15,7417.36,2174.04,Credit Card,Shipped,April,Q2,29.31
ORD100676,2024-12-11,Kiran Yadav,Uttar Pradesh,Lucknow,Clothing,Jeans,1,3208.38,5,3047.96,748.44,Cash on Delivery,Returned,December,Q4,24.56
ORD100677,2024-03-08,Isha Joshi,Rajasthan,Udaipur,Home & Kitchen,Bedsheet,1,1337.39,5,1270.52,268.26,Credit Card,Delivered,March,Q1,21.11
ORD100678,2024-07-25,Sanjay Mehta,Maharashtra,Pune,Beauty,Hair Dryer,1,2392.34,10,2153.11,606.84,UPI,Shipped,July,Q3,28.18
ORD100679,2024-03-05,Manish Jain,Uttar Pradesh,Agra,Electronics,Headphones,4,5253.81,0,21015.24,2693.38,Credit Card,Delivered,March,Q1,12.82
ORD100680,2024-11-25,Swati Kapoor,Maharashtra,Pune,Home & Kitchen,Storage Box,3,352.39,5,1004.31,18.54,UPI,Returned,November,Q4,1.85
ORD100681,2024-07-31,Swati Kapoor,Telangana,Hyderabad,Electronics,Laptop,2,66682.85,10,120029.13,16618.4,Cash on Delivery,Delivered,July,Q3,13.85
ORD100682,2024-08-05,Aarav Sharma,Kerala,Thiruvananthapuram,Beauty,Face Wash,2,207.56,10,373.61,-90.48,UPI,Delivered,August,Q3,-24.22
ORD100683,2024-03-26,Pooja Mishra,Maharashtra,Mumbai,Clothing,Jeans,4,3357.32,15,11414.89,3505.32,Credit Card,Shipped,March,Q1,30.71
ORD100684,2024-06-11,Kiran Yadav,Punjab,Amritsar,Home & Kitchen,Mixer Grinder,1,2393.53,10,2154.18,431.6,Credit Card,Delivered,June,Q2,20.04
ORD100685,2024-03-19,Isha Joshi,Madhya Pradesh,Bhopal,Clothing,Jacket,2,4280.16,10,7704.29,2390.34,UPI,Shipped,March,Q1,31.03
ORD100686,2024-03-13,Sneha Reddy,Uttar Pradesh,Kanpur,Clothing,Saree,2,2868.77,10,5163.79,1537.9,Debit Card,Delivered,March,Q1,29.78
ORD100687,2024-06-04,Isha Joshi,Madhya Pradesh,Bhopal,Electronics,Tablet,1,38624.77,5,36693.53,4944.66,UPI,Delivered,June,Q2,13.48
ORD100688,2024-11-18,Kiran Yadav,Kerala,Thiruvananthapuram,Clothing,Jacket,2,2551.31,0,5102.62,1540.43,Credit Card,Delivered,November,Q4,30.19
ORD100689,2024-07-14,Aditya Rao,Karnataka,Bengaluru,Clothing,Jeans,1,3277.77,10,2949.99,807.86,UPI,Shipped,July,Q3,27.39
ORD100690,2024-10-12,Arjun Patel,Tamil Nadu,Madurai,Sports,Football,4,1968.62,0,7874.48,2223.11,UPI,Cancelled,October,Q4,28.23
ORD100691,2024-12-21,Vikram Shah,Tamil Nadu,Madurai,Beauty,Hair Dryer,1,2966.12,5,2817.81,961.13,Credit Card,Delivered,December,Q4,34.11
ORD100692,2024-10-06,Aditya Rao,Maharashtra,Mumbai,Sports,Running Shoes,4,4517.49,5,17166.46,5099.68,UPI,Cancelled,October,Q4,29.71
ORD100693,2024-02-29,Rahul Kumar,Gujarat,Ahmedabad,Sports,Football,1,1623.17,10,1460.85,407.66,Credit Card,Delivered,February,Q1,27.91
ORD100694,2024-06-15,Kiran Yadav,Rajasthan,Udaipur,Home & Kitchen,Cookware Set,4,4313.83,10,15529.79,3857.8,Cash on Delivery,Delivered,June,Q2,24.84
ORD100695,2024-08-05,Meera Iyer,Karnataka,Bengaluru,Clothing,Kurta,3,1310.16,10,3537.43,1021.14,UPI,Returned,August,Q3,28.87
ORD100696,2024-05-07,Kiran Yadav,Punjab,Amritsar,Electronics,Smartphone,2,40808.0,5,77535.2,10663.61,UPI,Delivered,May,Q2,13.75
ORD100697,2024-09-13,Aarav Sharma,Odisha,Cuttack,Sports,Football,1,794.91,10,715.42,-6.63,UPI,Delivered,September,Q3,-0.93
ORD100698,2024-02-25,Aarav Sharma,West Bengal,Durgapur,Electronics,Tablet,1,14917.47,10,13425.72,1669.89,Cash on Delivery,Cancelled,February,Q1,12.44
ORD100699,2024-01-02,Aditya Rao,Telangana,Warangal,Electronics,Smartphone,1,14762.87,5,14024.73,1718.46,UPI,Delivered,January,Q1,12.25
ORD100700,2024-06-26,Arjun Patel,Maharashtra,Pune,Electronics,Smartphone,2,40808.71,15,69374.81,9500.88,UPI,Shipped,June,Q2,13.69
ORD100701,2024-03-28,Aditya Rao,Haryana,Gurugram,Beauty,Perfume,3,2322.85,10,6271.7,2076.82,Debit Card,Delivered,March,Q1,33.11
ORD100702,2024-01-12,Isha Joshi,Tamil Nadu,Chennai,Home & Kitchen,Air Fryer,3,8068.63,15,20575.01,5158.65,Debit Card,Delivered,January,Q1,25.07
ORD100703,2024-06-07,Vikram Shah,Gujarat,Ahmedabad,Electronics,Headphones,3,4533.15,20,10879.56,1322.91,Cash on Delivery,Delivered,June,Q2,12.16
ORD100704,2024-10-09,Arjun Patel,Punjab,Ludhiana,Beauty,Face Wash,3,558.8,0,1676.4,457.77,Debit Card,Shipped,October,Q4,27.31
ORD100705,2024-03-03,Aarav Sharma,West Bengal,Kolkata,Clothing,Jacket,2,2257.98,10,4064.36,1240.1,Debit Card,Delivered,March,Q1,30.51
ORD100706,2024-01-02,Pooja Mishra,West Bengal,Kolkata,Beauty,Face Wash,2,712.18,10,1281.92,321.11,UPI,Cancelled,January,Q1,25.05
ORD100707,2024-02-23,Kavya Nair,West Bengal,Kolkata,Clothing,Jacket,4,2044.32,5,7768.42,2382.46,UPI,Delivered,February,Q1,30.67
ORD100708,2024-10-13,Meera Iyer,Kerala,Kochi,Clothing,Jeans,4,2509.23,0,10036.92,2967.36,UPI,Delivered,October,Q4,29.56
ORD100709,2024-12-02,Neha Gupta,Kerala,Kochi,Clothing,Jacket,1,1777.24,0,1777.24,544.49,Debit Card,Delivered,December,Q4,30.64
ORD100710,2024-11-06,Sanjay Mehta,Gujarat,Surat,Clothing,Kurta,2,1198.67,10,2157.61,593.91,UPI,Delivered,November,Q4,27.53
ORD100711,2024-11-20,Priya Das,Tamil Nadu,Chennai,Clothing,Saree,2,4351.75,5,8268.32,2581.48,UPI,Delivered,November,Q4,31.22
ORD100712,2024-09-30,Aarav Sharma,Delhi,Delhi,Clothing,Kurta,4,1974.89,0,7899.56,2436.64,Debit Card,Delivered,September,Q3,30.85
ORD100713,2024-12-11,Priya Das,Uttar Pradesh,Lucknow,Clothing,Kurta,1,753.01,10,677.71,-1.12,UPI,Delivered,December,Q4,-0.17
ORD100714,2024-02-10,Rahul Kumar,Uttar Pradesh,Kanpur,Home & Kitchen,Bedsheet,1,2200.51,5,2090.48,373.83,UPI,Delivered,February,Q1,17.88
ORD100715,2024-05-21,Neha Gupta,Rajasthan,Jaipur,Beauty,Hair Dryer,2,3457.7,5,6569.63,2351.63,Credit Card,Delivered,May,Q2,35.8
ORD100716,2024-03-20,Meera Iyer,Delhi,Delhi,Clothing,T-Shirt,1,1568.2,10,1411.38,354.79,Cash on Delivery,Delivered,March,Q1,25.14
ORD100717,2024-03-27,Sanjay Mehta,Delhi,Delhi,Clothing,Jeans,1,1264.43,15,1074.77,221.18,Credit Card,Delivered,March,Q1,20.58
ORD100718,2024-05-30,Divya Sahu,Delhi,Delhi,Home & Kitchen,Mixer Grinder,1,5621.8,15,4778.53,1007.75,Cash on Delivery,Delivered,May,Q2,21.09
ORD100719,2024-07-15,Sneha Reddy,Karnataka,Bengaluru,Electronics,Tablet,2,40347.8,10,72626.04,10022.78,Cash on Delivery,Delivered,July,Q3,13.8
ORD100720,2024-03-22,Swati Kapoor,Gujarat,Surat,Home & Kitchen,Cookware Set,2,3333.62,5,6333.88,1513.22,Net Banking,Shipped,March,Q1,23.89
ORD100721,2024-08-13,Aarav Sharma,Gujarat,Ahmedabad,Beauty,Perfume,1,2163.36,10,1947.02,571.52,Debit Card,Delivered,August,Q3,29.35
ORD100722,2024-03-12,Pooja Mishra,Tamil Nadu,Chennai,Home & Kitchen,Storage Box,4,443.13,0,1772.52,335.94,Credit Card,Delivered,March,Q1,18.95
ORD100723,2024-07-14,Swati Kapoor,Andhra Pradesh,Vijayawada,Electronics,Laptop,2,81306.98,20,130091.17,18154.39,UPI,Shipped,July,Q3,13.96
ORD100724,2024-12-07,Isha Joshi,Rajasthan,Jaipur,Clothing,Saree,1,6162.42,10,5546.18,1651.37,UPI,Delivered,December,Q4,29.77
ORD100725,2024-09-26,Aarav Sharma,Rajasthan,Udaipur,Clothing,Jacket,1,5523.45,15,4694.93,1473.71,Credit Card,Delivered,September,Q3,31.39
ORD100726,2024-10-04,Aditya Rao,Madhya Pradesh,Bhopal,Clothing,Saree,2,4568.62,10,8223.52,2466.52,Debit Card,Delivered,October,Q4,29.99
ORD100727,2024-01-05,Meera Iyer,Rajasthan,Jaipur,Clothing,T-Shirt,1,936.11,15,795.69,94.7,Credit Card,Returned,January,Q1,11.9
ORD100728,2024-04-04,Aarav Sharma,Odisha,Cuttack,Sports,Fitness Band,1,2497.22,20,1997.78,514.69,Debit Card,Delivered,April,Q2,25.76
ORD100729,2024-11-03,Meera Iyer,Punjab,Amritsar,Home & Kitchen,Mixer Grinder,1,2792.68,5,2653.05,465.5,Cash on Delivery,Delivered,November,Q4,17.55
ORD100730,2024-07-28,Divya Sahu,Maharashtra,Mumbai,Sports,Cricket Bat,2,3489.65,0,6979.3,1906.0,Credit Card,Delivered,July,Q3,27.31
ORD100731,2024-08-24,Pooja Mishra,Maharashtra,Nagpur,Clothing,T-Shirt,3,1138.25,20,2731.8,700.69,UPI,Delivered,August,Q3,25.65
ORD100732,2024-06-26,Vikram Shah,Uttar Pradesh,Lucknow,Clothing,Jacket,1,2241.23,10,2017.11,579.44,UPI,Delivered,June,Q2,28.73
ORD100733,2024-03-09,Arjun Patel,Kerala,Kochi,Beauty,Hair Dryer,2,2762.45,10,4972.41,1783.81,Cash on Delivery,Delivered,March,Q1,35.87
ORD100734,2024-02-16,Isha Joshi,Uttar Pradesh,Lucknow,Home & Kitchen,Bedsheet,1,1821.32,15,1548.12,287.02,Cash on Delivery,Delivered,February,Q1,18.54
ORD100735,2024-08-15,Rahul Kumar,Haryana,Faridabad,Clothing,Jeans,1,3329.1,20,2663.28,815.33,UPI,Cancelled,August,Q3,30.61
ORD100736,2024-05-26,Rahul Kumar,Gujarat,Vadodara,Electronics,Laptop,1,79833.48,10,71850.13,9873.65,Credit Card,Delivered,May,Q2,13.74
ORD100737,2024-03-18,Isha Joshi,Gujarat,Vadodara,Electronics,Headphones,1,3783.89,15,3216.31,369.41,Debit Card,Delivered,March,Q1,11.49
ORD100738,2024-11-05,Pooja Mishra,Rajasthan,Jaipur,Electronics,Smart Watch,4,6534.95,15,22218.83,3082.95,Credit Card,Delivered,November,Q4,13.88
ORD100739,2024-01-22,Meera Iyer,Maharashtra,Mumbai,Electronics,Laptop,2,43528.45,20,69645.52,9602.94,Net Banking,Delivered,January,Q1,13.79
ORD100740,2024-12-11,Ananya Singh,Odisha,Cuttack,Electronics,Headphones,1,5894.26,10,5304.83,601.36,UPI,Delivered,December,Q4,11.34
ORD100741,2024-08-10,Akash Roy,Maharashtra,Pune,Clothing,Jeans,2,1442.49,10,2596.48,773.5,Debit Card,Delivered,August,Q3,29.79
ORD100742,2024-09-11,Sneha Reddy,Uttar Pradesh,Lucknow,Clothing,Saree,1,5501.5,15,4676.27,1446.82,Credit Card,Shipped,September,Q3,30.94
ORD100743,2024-10-25,Rohan Verma,Tamil Nadu,Chennai,Home & Kitchen,Mixer Grinder,3,5944.07,10,16048.99,4149.39,UPI,Delivered,October,Q4,25.85
ORD100744,2024-01-05,Rahul Kumar,West Bengal,Durgapur,Beauty,Perfume,4,1232.37,5,4683.01,1604.62,Cash on Delivery,Delivered,January,Q1,34.26
ORD100745,2024-02-09,Rohan Verma,Maharashtra,Nagpur,Home & Kitchen,Bedsheet,1,1430.96,10,1287.86,307.75,Cash on Delivery,Delivered,February,Q1,23.9
ORD100746,2024-12-12,Swati Kapoor,Uttar Pradesh,Agra,Beauty,Makeup Kit,1,682.93,5,648.78,159.42,Net Banking,Delivered,December,Q4,24.57
ORD100747,2024-06-23,Neha Gupta,Karnataka,Mysuru,Beauty,Face Wash,3,363.51,5,1036.0,179.17,Credit Card,Delivered,June,Q2,17.29
ORD100748,2024-08-12,Arjun Patel,Delhi,Delhi,Sports,Yoga Mat,2,1767.31,15,3004.43,826.31,Credit Card,Delivered,August,Q3,27.5
ORD100749,2024-09-01,Rahul Kumar,Gujarat,Surat,Sports,Fitness Band,4,1281.47,5,4869.59,1353.21,Credit Card,Delivered,September,Q3,27.79
ORD100750,2024-07-09,Kiran Yadav,Andhra Pradesh,Vijayawada,Electronics,Smart Watch,1,7387.29,10,6648.56,881.93,Cash on Delivery,Delivered,July,Q3,13.26
ORD100751,2024-04-20,Sanjay Mehta,Uttar Pradesh,Lucknow,Sports,Cricket Bat,1,6446.38,10,5801.74,1619.44,UPI,Delivered,April,Q2,27.91
ORD100752,2024-08-22,Arjun Patel,West Bengal,Kolkata,Beauty,Skin Care Kit,2,1031.69,0,2063.38,594.93,UPI,Shipped,August,Q3,28.83
ORD100753,2024-07-03,Sneha Reddy,Delhi,Delhi,Clothing,Jacket,1,4476.52,5,4252.69,1328.13,UPI,Delivered,July,Q3,31.23
ORD100754,2024-10-22,Rahul Kumar,Delhi,Delhi,Electronics,Laptop,4,55749.71,5,211848.9,29500.91,Cash on Delivery,Delivered,October,Q4,13.93
ORD100755,2024-01-17,Rahul Kumar,West Bengal,Kolkata,Clothing,Jeans,3,2032.91,10,5488.86,1726.14,UPI,Delivered,January,Q1,31.45
ORD100756,2024-06-21,Rahul Kumar,Maharashtra,Pune,Home & Kitchen,Bedsheet,2,2395.44,10,4311.79,1066.45,Credit Card,Shipped,June,Q2,24.73
ORD100757,2024-05-06,Neha Gupta,Andhra Pradesh,Vijayawada,Sports,Yoga Mat,2,812.31,10,1462.16,344.0,Cash on Delivery,Delivered,May,Q2,23.53
ORD100758,2024-09-13,Rohan Verma,Maharashtra,Mumbai,Electronics,Smartphone,2,46876.75,10,84378.15,11590.39,Credit Card,Delivered,September,Q3,13.74
ORD100759,2024-02-20,Manish Jain,Maharashtra,Mumbai,Home & Kitchen,Storage Box,2,436.51,0,873.02,106.65,Net Banking,Delivered,February,Q1,12.22
ORD100760,2024-03-19,Sneha Reddy,Tamil Nadu,Chennai,Electronics,Tablet,1,37038.29,0,37038.29,4997.88,UPI,Returned,March,Q1,13.49
ORD100761,2024-08-23,Sanjay Mehta,Uttar Pradesh,Agra,Clothing,Jacket,4,5992.0,10,21571.2,6799.18,Debit Card,Cancelled,August,Q3,31.52
ORD100762,2024-12-23,Meera Iyer,West Bengal,Durgapur,Beauty,Perfume,2,1971.26,5,3745.39,1347.63,Debit Card,Shipped,December,Q4,35.98
ORD100763,2024-10-26,Arjun Patel,Rajasthan,Udaipur,Sports,Running Shoes,4,1712.25,10,6164.1,1769.14,Net Banking,Cancelled,October,Q4,28.7
ORD100764,2024-10-25,Rohan Verma,Maharashtra,Pune,Electronics,Laptop,2,91148.94,20,145838.3,20250.84,UPI,Cancelled,October,Q4,13.89
ORD100765,2024-02-01,Swati Kapoor,Karnataka,Bengaluru,Clothing,T-Shirt,4,1424.39,15,4842.93,1388.17,Cash on Delivery,Delivered,February,Q1,28.66
ORD100766,2024-06-26,Aditya Rao,Uttar Pradesh,Lucknow,Beauty,Perfume,2,2050.23,0,4100.46,1339.19,Cash on Delivery,Delivered,June,Q2,32.66
ORD100767,2024-06-02,Swati Kapoor,Haryana,Gurugram,Electronics,Smart Watch,1,4570.11,0,4570.11,454.15,Debit Card,Delivered,June,Q2,9.94
ORD100768,2024-07-18,Ananya Singh,Madhya Pradesh,Indore,Electronics,Headphones,3,1206.68,10,3258.04,289.69,UPI,Delivered,July,Q3,8.89
ORD100769,2024-06-10,Arjun Patel,Kerala,Thiruvananthapuram,Clothing,Jacket,4,2427.89,15,8254.83,2437.23,Credit Card,Delivered,June,Q2,29.52
ORD100770,2024-03-22,Kiran Yadav,Maharashtra,Mumbai,Clothing,Kurta,1,1513.0,5,1437.35,257.36,Cash on Delivery,Shipped,March,Q1,17.91
ORD100771,2024-10-29,Rahul Kumar,Kerala,Kochi,Sports,Cricket Bat,1,6297.86,0,6297.86,1707.19,Credit Card,Delivered,October,Q4,27.11
ORD100772,2024-07-14,Arjun Patel,Uttar Pradesh,Agra,Clothing,Kurta,4,1104.05,10,3974.58,1067.55,Credit Card,Delivered,July,Q3,26.86
ORD100773,2024-02-18,Meera Iyer,Uttar Pradesh,Agra,Home & Kitchen,Air Fryer,4,6317.51,5,24006.54,5999.6,UPI,Delivered,February,Q1,24.99
ORD100774,2024-11-30,Pooja Mishra,Uttar Pradesh,Kanpur,Electronics,Headphones,1,3786.9,0,3786.9,433.99,UPI,Delivered,November,Q4,11.46
ORD100775,2024-04-04,Sneha Reddy,Telangana,Hyderabad,Sports,Running Shoes,1,2280.14,10,2052.13,390.26,Credit Card,Delivered,April,Q2,19.02
ORD100776,2024-07-06,Aarav Sharma,Maharashtra,Pune,Beauty,Hair Dryer,3,2423.24,0,7269.72,2596.15,Cash on Delivery,Delivered,July,Q3,35.71
ORD100777,2024-12-11,Divya Sahu,Tamil Nadu,Coimbatore,Sports,Cricket Bat,2,1997.86,15,3396.36,777.58,Credit Card,Delivered,December,Q4,22.89
ORD100778,2024-04-21,Divya Sahu,Uttar Pradesh,Kanpur,Sports,Cricket Bat,2,6568.65,5,12480.44,3555.98,UPI,Delivered,April,Q2,28.49
ORD100779,2024-11-02,Ananya Singh,Haryana,Gurugram,Electronics,Smartphone,4,13239.96,0,52959.84,7365.18,Net Banking,Cancelled,November,Q4,13.91
ORD100780,2024-05-17,Meera Iyer,Kerala,Thiruvananthapuram,Clothing,Jacket,3,5057.71,0,15173.13,4744.26,Net Banking,Delivered,May,Q2,31.27
ORD100781,2024-03-29,Akash Roy,Maharashtra,Pune,Clothing,Jeans,1,1872.24,10,1685.02,492.89,UPI,Shipped,March,Q1,29.25
ORD100782,2024-01-19,Ananya Singh,Rajasthan,Udaipur,Electronics,Headphones,1,2105.0,15,1789.25,201.47,Debit Card,Delivered,January,Q1,11.26
ORD100783,2024-11-06,Sneha Reddy,Uttar Pradesh,Lucknow,Clothing,Kurta,2,948.79,5,1802.7,369.18,Cash on Delivery,Delivered,November,Q4,20.48
ORD100784,2024-11-07,Neha Gupta,Haryana,Gurugram,Home & Kitchen,Storage Box,4,367.68,0,1470.72,327.21,UPI,Returned,November,Q4,22.25
ORD100785,2024-08-05,Manish Jain,Karnataka,Mangaluru,Electronics,Tablet,1,28205.61,0,28205.61,3897.69,Debit Card,Delivered,August,Q3,13.82
ORD100786,2024-07-20,Arjun Patel,Telangana,Warangal,Home & Kitchen,Storage Box,1,1126.8,10,1014.12,243.02,Net Banking,Delivered,July,Q3,23.96
ORD100787,2024-01-12,Manish Jain,Kerala,Kochi,Electronics,Smartphone,1,25132.78,15,21362.86,2745.17,Cash on Delivery,Cancelled,January,Q1,12.85
ORD100788,2024-02-04,Kiran Yadav,Telangana,Warangal,Clothing,Jeans,2,3444.5,10,6200.1,1763.64,UPI,Delivered,February,Q1,28.45
ORD100789,2024-09-09,Arjun Patel,Telangana,Hyderabad,Home & Kitchen,Bedsheet,3,839.02,10,2265.35,567.95,UPI,Delivered,September,Q3,25.07
ORD100790,2024-10-17,Swati Kapoor,Maharashtra,Pune,Electronics,Smartphone,1,26107.0,10,23496.3,3192.9,Debit Card,Delivered,October,Q4,13.59
ORD100791,2024-11-08,Kavya Nair,Kerala,Thiruvananthapuram,Sports,Football,2,908.48,10,1635.26,272.81,UPI,Returned,November,Q4,16.68
ORD100792,2024-10-30,Aditya Rao,Kerala,Thiruvananthapuram,Clothing,Kurta,4,2444.33,15,8310.72,2636.22,Debit Card,Delivered,October,Q4,31.72
ORD100793,2024-09-29,Aditya Rao,Rajasthan,Udaipur,Beauty,Perfume,1,1092.51,15,928.63,174.27,UPI,Delivered,September,Q3,18.77
ORD100794,2024-09-06,Pooja Mishra,West Bengal,Durgapur,Clothing,T-Shirt,1,435.2,5,413.44,-22.89,Cash on Delivery,Delivered,September,Q3,-5.54
ORD100795,2024-06-16,Ananya Singh,Maharashtra,Nagpur,Clothing,Saree,2,5220.62,0,10441.24,3201.4,Cash on Delivery,Shipped,June,Q2,30.66
ORD100796,2024-10-01,Meera Iyer,Karnataka,Bengaluru,Beauty,Face Wash,3,559.59,5,1594.83,560.81,UPI,Delivered,October,Q4,35.16
ORD100797,2024-11-06,Neha Gupta,Delhi,Delhi,Clothing,Jeans,1,3463.4,0,3463.4,949.11,Credit Card,Delivered,November,Q4,27.4
ORD100798,2024-02-09,Rohan Verma,Maharashtra,Nagpur,Electronics,Smartphone,3,30972.88,5,88272.71,12183.5,Debit Card,Delivered,February,Q1,13.8
ORD100799,2024-12-06,Vikram Shah,Maharashtra,Pune,Home & Kitchen,Storage Box,1,818.17,5,777.26,116.63,UPI,Delivered,December,Q4,15.01
ORD100800,2024-11-04,Isha Joshi,Karnataka,Bengaluru,Electronics,Laptop,4,93084.35,0,372337.4,51939.06,Cash on Delivery,Delivered,November,Q4,13.95
ORD100801,2024-09-05,Meera Iyer,Haryana,Faridabad,Beauty,Face Wash,3,338.12,5,963.64,131.35,Credit Card,Delivered,September,Q3,13.63
ORD100802,2024-08-08,Swati Kapoor,Tamil Nadu,Coimbatore,Home & Kitchen,Air Fryer,3,8463.47,20,20312.33,5062.72,Credit Card,Delivered,August,Q3,24.92
ORD100803,2024-01-18,Sanjay Mehta,Rajasthan,Jaipur,Home & Kitchen,Bedsheet,1,1490.76,5,1416.22,296.04,Credit Card,Delivered,January,Q1,20.9
ORD100804,2024-08-25,Rohan Verma,Karnataka,Mangaluru,Electronics,Smartphone,2,23091.4,10,41564.52,5637.32,UPI,Delivered,August,Q3,13.56
ORD100805,2024-11-20,Pooja Mishra,Madhya Pradesh,Bhopal,Sports,Yoga Mat,1,680.96,10,612.86,81.56,UPI,Shipped,November,Q4,13.31
ORD100806,2024-07-14,Akash Roy,Andhra Pradesh,Vijayawada,Clothing,Jacket,4,2441.79,10,8790.44,2777.65,UPI,Delivered,July,Q3,31.6
ORD100807,2024-07-15,Swati Kapoor,Haryana,Gurugram,Clothing,Saree,4,6740.41,15,22917.39,7182.31,Cash on Delivery,Delivered,July,Q3,31.34
ORD100808,2024-01-11,Kavya Nair,Tamil Nadu,Coimbatore,Electronics,Headphones,1,6439.88,10,5795.89,791.06,Cash on Delivery,Delivered,January,Q1,13.65
ORD100809,2024-12-13,Pooja Mishra,Tamil Nadu,Coimbatore,Electronics,Smart Watch,1,1732.41,10,1559.17,181.77,Debit Card,Delivered,December,Q4,11.66
ORD100810,2024-02-25,Kiran Yadav,Karnataka,Mysuru,Electronics,Smartphone,4,45783.66,15,155664.44,21626.69,Debit Card,Cancelled,February,Q1,13.89
ORD100811,2024-11-04,Rohan Verma,West Bengal,Kolkata,Beauty,Makeup Kit,4,3871.43,15,13162.86,4727.74,Debit Card,Returned,November,Q4,35.92
ORD100812,2024-10-04,Aarav Sharma,Telangana,Hyderabad,Electronics,Smartphone,2,12969.62,0,25939.24,3402.7,Debit Card,Delivered,October,Q4,13.12
ORD100813,2024-07-18,Arjun Patel,Kerala,Kochi,Sports,Fitness Band,1,1991.73,10,1792.56,444.97,UPI,Delivered,July,Q3,24.82
ORD100814,2024-03-08,Aarav Sharma,Maharashtra,Pune,Electronics,Smart Watch,1,9892.0,10,8902.8,1010.52,UPI,Returned,March,Q1,11.35
ORD100815,2024-09-29,Manish Jain,Karnataka,Bengaluru,Beauty,Perfume,3,2099.16,15,5352.86,1807.58,Debit Card,Shipped,September,Q3,33.77
ORD100816,2024-11-20,Sanjay Mehta,Karnataka,Mysuru,Clothing,Jeans,2,1025.83,5,1949.08,383.84,Cash on Delivery,Delivered,November,Q4,19.69
ORD100817,2024-05-28,Kavya Nair,Uttar Pradesh,Kanpur,Beauty,Makeup Kit,1,2049.78,10,1844.8,502.12,Credit Card,Delivered,May,Q2,27.22
ORD100818,2024-03-24,Ananya Singh,Haryana,Gurugram,Electronics,Smartphone,2,29484.05,10,53071.29,7335.48,UPI,Cancelled,March,Q1,13.82
ORD100819,2024-08-27,Kiran Yadav,Odisha,Cuttack,Beauty,Perfume,2,3298.3,10,5936.94,1991.97,Credit Card,Delivered,August,Q3,33.55
ORD100820,2024-04-02,Aditya Rao,Haryana,Gurugram,Home & Kitchen,Storage Box,1,500.47,10,450.42,81.68,Debit Card,Shipped,April,Q2,18.13
ORD100821,2024-09-11,Aditya Rao,Karnataka,Mangaluru,Sports,Cricket Bat,1,10759.48,5,10221.51,3028.24,Credit Card,Delivered,September,Q3,29.63
ORD100822,2024-07-30,Divya Sahu,Haryana,Gurugram,Clothing,Saree,3,2352.17,15,5998.03,1883.3,Debit Card,Delivered,July,Q3,31.4
ORD100823,2024-07-29,Rahul Kumar,Madhya Pradesh,Indore,Electronics,Smartphone,4,46599.59,15,158438.61,21985.96,Credit Card,Delivered,July,Q3,13.88
ORD100824,2024-10-08,Pooja Mishra,Madhya Pradesh,Bhopal,Sports,Running Shoes,1,1547.68,10,1392.91,317.89,Credit Card,Delivered,October,Q4,22.82
ORD100825,2024-09-14,Akash Roy,Odisha,Bhubaneswar,Clothing,Kurta,1,1274.7,5,1210.96,282.49,UPI,Delivered,September,Q3,23.33
ORD100826,2024-05-25,Swati Kapoor,Tamil Nadu,Coimbatore,Sports,Running Shoes,3,4313.15,5,12292.48,3438.66,UPI,Delivered,May,Q2,27.97
ORD100827,2024-08-24,Isha Joshi,Andhra Pradesh,Visakhapatnam,Electronics,Smart Watch,1,4225.91,10,3803.32,457.25,Cash on Delivery,Delivered,August,Q3,12.02
ORD100828,2024-01-13,Aditya Rao,Kerala,Thiruvananthapuram,Beauty,Skin Care Kit,1,2113.65,10,1902.28,493.6,Credit Card,Delivered,January,Q1,25.95
ORD100829,2024-08-13,Ananya Singh,Gujarat,Surat,Clothing,T-Shirt,2,1406.05,10,2530.89,613.25,Net Banking,Delivered,August,Q3,24.23
ORD100830,2024-01-10,Rahul Kumar,Uttar Pradesh,Agra,Clothing,Jeans,1,3189.1,20,2551.28,794.52,Cash on Delivery,Cancelled,January,Q1,31.14
ORD100831,2024-02-24,Meera Iyer,Rajasthan,Jaipur,Home & Kitchen,Cookware Set,2,4280.78,5,8133.48,1976.84,Credit Card,Delivered,February,Q1,24.3
ORD100832,2024-11-01,Akash Roy,Uttar Pradesh,Agra,Home & Kitchen,Air Fryer,4,6092.47,0,24369.88,6130.29,UPI,Delivered,November,Q4,25.16
ORD100833,2024-03-30,Rahul Kumar,Telangana,Warangal,Clothing,Jeans,1,2261.77,10,2035.59,570.71,UPI,Delivered,March,Q1,28.04
ORD100834,2024-11-30,Vikram Shah,Maharashtra,Nagpur,Clothing,T-Shirt,3,1559.73,5,4445.23,1342.07,Credit Card,Delivered,November,Q4,30.19
ORD100835,2024-06-13,Meera Iyer,Madhya Pradesh,Bhopal,Clothing,Jeans,2,2626.73,10,4728.11,1298.29,UPI,Delivered,June,Q2,27.46
ORD100836,2024-05-31,Vikram Shah,Uttar Pradesh,Lucknow,Home & Kitchen,Cookware Set,1,2036.25,15,1730.81,238.61,Debit Card,Delivered,May,Q2,13.79
ORD100837,2024-04-20,Rahul Kumar,Karnataka,Mysuru,Electronics,Smart Watch,4,5551.52,10,19985.47,2674.93,UPI,Delivered,April,Q2,13.38
ORD100838,2024-06-23,Akash Roy,Delhi,Delhi,Clothing,Jeans,2,2808.59,10,5055.46,1563.35,UPI,Delivered,June,Q2,30.92
ORD100839,2024-10-30,Rohan Verma,West Bengal,Kolkata,Electronics,Smartphone,1,19463.6,5,18490.42,2519.59,Credit Card,Delivered,October,Q4,13.63
ORD100840,2024-02-16,Rohan Verma,Maharashtra,Mumbai,Beauty,Face Wash,1,374.25,15,318.11,-84.45,UPI,Delivered,February,Q1,-26.55
ORD100841,2024-02-21,Swati Kapoor,Uttar Pradesh,Kanpur,Clothing,Jacket,2,3026.24,5,5749.86,1642.19,UPI,Delivered,February,Q1,28.56
ORD100842,2024-12-23,Swati Kapoor,Telangana,Hyderabad,Clothing,Jacket,4,2026.7,0,8106.8,2420.49,Cash on Delivery,Delivered,December,Q4,29.86
ORD100843,2024-04-19,Kavya Nair,Telangana,Warangal,Electronics,Laptop,2,42592.72,15,72407.62,10003.75,UPI,Delivered,April,Q2,13.82
ORD100844,2024-06-20,Aarav Sharma,Andhra Pradesh,Visakhapatnam,Electronics,Smartphone,2,13741.89,10,24735.4,3303.73,UPI,Delivered,June,Q2,13.36
ORD100845,2024-12-01,Vikram Shah,Tamil Nadu,Chennai,Home & Kitchen,Bedsheet,3,1049.94,5,2992.33,535.36,Debit Card,Delivered,December,Q4,17.89
ORD100846,2024-04-12,Sanjay Mehta,Delhi,Delhi,Clothing,T-Shirt,1,1216.79,10,1095.11,164.74,Credit Card,Returned,April,Q2,15.04
ORD100847,2024-01-05,Akash Roy,Gujarat,Surat,Beauty,Face Wash,1,601.45,10,541.31,178.36,UPI,Delivered,January,Q1,32.95
ORD100848,2024-02-15,Kavya Nair,Uttar Pradesh,Kanpur,Clothing,Jacket,1,1775.84,10,1598.26,484.77,Debit Card,Delivered,February,Q1,30.33
ORD100849,2024-01-14,Kavya Nair,Karnataka,Mangaluru,Home & Kitchen,Mixer Grinder,1,3934.87,15,3344.64,651.57,Debit Card,Delivered,January,Q1,19.48
ORD100850,2024-07-21,Kiran Yadav,Gujarat,Ahmedabad,Home & Kitchen,Cookware Set,2,4684.97,5,8901.44,2271.73,Cash on Delivery,Delivered,July,Q3,25.52
ORD100851,2024-08-17,Sneha Reddy,Telangana,Hyderabad,Electronics,Smartphone,1,52128.68,0,52128.68,7204.5,Cash on Delivery,Delivered,August,Q3,13.82
ORD100852,2024-12-26,Kavya Nair,Rajasthan,Jaipur,Clothing,Saree,1,3493.78,20,2795.02,760.82,UPI,Delivered,December,Q4,27.22
ORD100853,2024-03-18,Kavya Nair,Gujarat,Vadodara,Clothing,Saree,2,3317.49,5,6303.23,1992.32,Credit Card,Delivered,March,Q1,31.61
ORD100854,2024-03-01,Neha Gupta,Maharashtra,Pune,Sports,Football,3,891.42,15,2273.12,657.45,Cash on Delivery,Delivered,March,Q1,28.92
ORD100855,2024-05-21,Sneha Reddy,Uttar Pradesh,Agra,Electronics,Smartphone,2,13642.72,10,24556.9,3302.44,Debit Card,Delivered,May,Q2,13.45
ORD100856,2024-02-09,Kavya Nair,Andhra Pradesh,Visakhapatnam,Sports,Yoga Mat,4,1073.4,5,4078.92,1050.13,Debit Card,Delivered,February,Q1,25.75
ORD100857,2024-06-27,Arjun Patel,Odisha,Cuttack,Clothing,Saree,2,3881.7,0,7763.4,2391.98,Cash on Delivery,Delivered,June,Q2,30.81
ORD100858,2024-08-13,Pooja Mishra,Punjab,Ludhiana,Clothing,T-Shirt,2,784.36,5,1490.28,281.66,Cash on Delivery,Cancelled,August,Q3,18.9
ORD100859,2024-05-16,Meera Iyer,Gujarat,Surat,Clothing,Saree,1,2313.8,10,2082.42,643.7,Credit Card,Delivered,May,Q2,30.91
ORD100860,2024-09-08,Sanjay Mehta,Gujarat,Vadodara,Clothing,Saree,1,4659.55,5,4426.57,1335.48,UPI,Delivered,September,Q3,30.17
ORD100861,2024-06-20,Divya Sahu,West Bengal,Durgapur,Electronics,Smartphone,1,39893.89,10,35904.5,5004.01,Debit Card,Delivered,June,Q2,13.94
ORD100862,2024-09-29,Kavya Nair,Uttar Pradesh,Agra,Electronics,Headphones,2,5694.64,10,10250.35,1346.95,Credit Card,Delivered,September,Q3,13.14
ORD100863,2024-01-20,Aditya Rao,Maharashtra,Pune,Electronics,Laptop,2,66521.63,10,119738.93,16547.46,Credit Card,Delivered,January,Q1,13.82
ORD100864,2024-12-15,Isha Joshi,Uttar Pradesh,Agra,Beauty,Face Wash,1,258.73,15,219.92,40.64,Cash on Delivery,Delivered,December,Q4,18.48
ORD100865,2024-06-14,Rohan Verma,Tamil Nadu,Coimbatore,Electronics,Headphones,2,1612.58,5,3063.9,289.89,Credit Card,Delivered,June,Q2,9.46
ORD100866,2024-03-21,Sanjay Mehta,Maharashtra,Nagpur,Clothing,Jeans,1,1535.01,15,1304.76,293.04,Debit Card,Delivered,March,Q1,22.46
ORD100867,2024-12-21,Ananya Singh,West Bengal,Kolkata,Electronics,Tablet,1,44162.47,10,39746.22,5391.8,Credit Card,Delivered,December,Q4,13.57
ORD100868,2024-02-15,Rahul Kumar,Punjab,Ludhiana,Clothing,Jeans,4,3083.39,5,11716.88,3647.11,Net Banking,Delivered,February,Q1,31.13
ORD100869,2024-10-16,Manish Jain,Punjab,Amritsar,Beauty,Hair Dryer,4,2816.19,15,9575.05,3459.26,Net Banking,Delivered,October,Q4,36.13
ORD100870,2024-05-20,Sneha Reddy,Madhya Pradesh,Indore,Electronics,Headphones,4,3463.99,10,12470.36,1605.5,UPI,Cancelled,May,Q2,12.87
ORD100871,2024-05-07,Divya Sahu,Uttar Pradesh,Kanpur,Home & Kitchen,Cookware Set,1,3987.76,5,3788.37,739.6,UPI,Delivered,May,Q2,19.52
ORD100872,2024-03-10,Rahul Kumar,Maharashtra,Pune,Home & Kitchen,Storage Box,2,1346.53,15,2289.1,387.88,Credit Card,Shipped,March,Q1,16.94
ORD100873,2024-04-02,Neha Gupta,Maharashtra,Nagpur,Electronics,Laptop,2,90831.76,15,154413.99,21546.75,Debit Card,Returned,April,Q2,13.95
ORD100874,2024-09-09,Manish Jain,Gujarat,Vadodara,Electronics,Headphones,3,4224.72,10,11406.74,1428.85,Credit Card,Delivered,September,Q3,12.53
ORD100875,2024-07-06,Isha Joshi,Odisha,Cuttack,Clothing,Jacket,1,4736.3,10,4262.67,1128.06,UPI,Delivered,July,Q3,26.46
ORD100876,2024-12-27,Arjun Patel,Tamil Nadu,Coimbatore,Home & Kitchen,Bedsheet,1,1855.85,15,1577.47,307.37,Net Banking,Delivered,December,Q4,19.48
ORD100877,2024-08-23,Ananya Singh,Maharashtra,Mumbai,Home & Kitchen,Bedsheet,3,1397.75,10,3773.92,867.1,Credit Card,Delivered,August,Q3,22.98
ORD100878,2024-10-01,Isha Joshi,Karnataka,Bengaluru,Home & Kitchen,Air Fryer,1,4319.88,5,4103.89,973.81,UPI,Delivered,October,Q4,23.73
ORD100879,2024-01-24,Vikram Shah,Telangana,Warangal,Clothing,Jeans,1,3120.27,5,2964.26,898.19,UPI,Delivered,January,Q1,30.3
ORD100880,2024-07-27,Ananya Singh,West Bengal,Durgapur,Electronics,Laptop,2,70418.79,0,140837.58,19598.52,Credit Card,Delivered,July,Q3,13.92
ORD100881,2024-05-05,Sneha Reddy,Uttar Pradesh,Agra,Electronics,Smartphone,1,53018.59,15,45065.8,6181.16,Credit Card,Shipped,May,Q2,13.72
ORD100882,2024-05-10,Manish Jain,Maharashtra,Pune,Sports,Running Shoes,1,4280.72,15,3638.61,969.71,Debit Card,Delivered,May,Q2,26.65
ORD100883,2024-10-14,Vikram Shah,Maharashtra,Pune,Home & Kitchen,Bedsheet,3,1313.22,15,3348.71,634.01,UPI,Delivered,October,Q4,18.93
ORD100884,2024-05-26,Vikram Shah,Telangana,Warangal,Clothing,Jacket,1,4355.41,10,3919.87,1111.97,UPI,Cancelled,May,Q2,28.37
ORD100885,2024-04-16,Kavya Nair,Delhi,Delhi,Sports,Yoga Mat,1,809.74,10,728.77,170.44,Cash on Delivery,Delivered,April,Q2,23.39
ORD100886,2024-05-25,Isha Joshi,Maharashtra,Nagpur,Clothing,Kurta,1,2286.92,10,2058.23,477.95,Debit Card,Delivered,May,Q2,23.22
ORD100887,2024-02-07,Akash Roy,Tamil Nadu,Coimbatore,Clothing,Saree,4,4874.5,15,16573.3,5233.71,Cash on Delivery,Delivered,February,Q1,31.58
ORD100888,2024-06-24,Arjun Patel,Haryana,Faridabad,Electronics,Tablet,1,27742.55,5,26355.42,3628.67,Cash on Delivery,Shipped,June,Q2,13.77
ORD100889,2024-02-17,Manish Jain,Haryana,Faridabad,Electronics,Laptop,4,75648.01,10,272332.84,38018.94,Debit Card,Delivered,February,Q1,13.96
ORD100890,2024-02-13,Pooja Mishra,Maharashtra,Pune,Sports,Yoga Mat,3,1908.66,0,5725.98,1503.14,Debit Card,Delivered,February,Q1,26.25
ORD100891,2024-02-05,Aarav Sharma,West Bengal,Durgapur,Clothing,Jeans,4,2391.5,10,8609.4,2590.13,UPI,Delivered,February,Q1,30.08
ORD100892,2024-10-19,Sneha Reddy,Uttar Pradesh,Agra,Clothing,Jacket,1,2307.75,10,2076.98,442.08,Credit Card,Delivered,October,Q4,21.28
ORD100893,2024-05-25,Meera Iyer,Madhya Pradesh,Indore,Clothing,Saree,1,4692.58,15,3988.69,1171.31,Debit Card,Delivered,May,Q2,29.37
ORD100894,2024-04-21,Aarav Sharma,West Bengal,Durgapur,Clothing,T-Shirt,1,1768.32,5,1679.9,439.89,Cash on Delivery,Delivered,April,Q2,26.19
ORD100895,2024-03-29,Aditya Rao,Uttar Pradesh,Lucknow,Electronics,Tablet,2,17394.2,20,27830.72,3804.86,Credit Card,Delivered,March,Q1,13.67
ORD100896,2024-04-13,Aarav Sharma,Madhya Pradesh,Bhopal,Electronics,Headphones,1,6217.3,5,5906.44,715.77,Credit Card,Delivered,April,Q2,12.12
ORD100897,2024-10-20,Akash Roy,Tamil Nadu,Chennai,Beauty,Hair Dryer,3,2423.33,15,6179.49,2108.45,Credit Card,Shipped,October,Q4,34.12
ORD100898,2024-10-08,Neha Gupta,Kerala,Thiruvananthapuram,Beauty,Skin Care Kit,4,2327.83,5,8845.75,3241.41,Cash on Delivery,Delivered,October,Q4,36.64
ORD100899,2024-03-11,Swati Kapoor,Rajasthan,Udaipur,Sports,Fitness Band,1,2191.92,5,2082.32,377.81,Debit Card,Delivered,March,Q1,18.14
ORD100900,2024-08-01,Rohan Verma,Odisha,Cuttack,Electronics,Laptop,2,55347.85,15,94091.34,12923.11,UPI,Delivered,August,Q3,13.73
ORD100901,2024-05-17,Manish Jain,Maharashtra,Nagpur,Clothing,Saree,1,4032.34,10,3629.11,1073.69,Credit Card,Delivered,May,Q2,29.59
ORD100902,2024-05-14,Meera Iyer,Delhi,Delhi,Electronics,Tablet,4,11899.49,10,42838.16,5941.15,Debit Card,Delivered,May,Q2,13.87
ORD100903,2024-11-11,Meera Iyer,Maharashtra,Nagpur,Beauty,Makeup Kit,4,627.7,10,2259.72,729.79,Net Banking,Delivered,November,Q4,32.3
ORD100904,2024-10-19,Swati Kapoor,Delhi,Delhi,Beauty,Skin Care Kit,1,3289.06,10,2960.15,1008.41,UPI,Delivered,October,Q4,34.07
ORD100905,2024-08-29,Isha Joshi,Tamil Nadu,Coimbatore,Electronics,Laptop,4,77852.93,20,249129.38,34854.83,Debit Card,Delivered,August,Q3,13.99
ORD100906,2024-01-31,Divya Sahu,Telangana,Warangal,Sports,Running Shoes,2,3452.47,5,6559.69,1860.46,Cash on Delivery,Delivered,January,Q1,28.36
ORD100907,2024-08-24,Meera Iyer,Rajasthan,Jaipur,Clothing,Saree,2,4024.69,5,7646.91,2262.43,Debit Card,Delivered,August,Q3,29.59
ORD100908,2024-06-23,Rahul Kumar,Uttar Pradesh,Kanpur,Electronics,Smart Watch,2,11141.03,20,17825.65,2273.13,UPI,Delivered,June,Q2,12.75
ORD100909,2024-10-02,Kiran Yadav,Tamil Nadu,Coimbatore,Electronics,Headphones,4,1565.85,0,6263.4,814.02,UPI,Delivered,October,Q4,13.0
ORD100910,2024-03-22,Meera Iyer,Telangana,Warangal,Beauty,Makeup Kit,3,2585.23,10,6980.12,2342.76,UPI,Delivered,March,Q1,33.56
ORD100911,2024-07-27,Manish Jain,Haryana,Gurugram,Clothing,Jeans,1,1002.46,5,952.34,159.51,Credit Card,Delivered,July,Q3,16.75
ORD100912,2024-02-22,Sanjay Mehta,Karnataka,Mysuru,Home & Kitchen,Cookware Set,3,3211.86,5,9153.8,2247.14,Net Banking,Shipped,February,Q1,24.55
ORD100913,2024-10-15,Akash Roy,Odisha,Cuttack,Electronics,Smartphone,4,52809.98,20,168991.94,23603.07,UPI,Delivered,October,Q4,13.97
ORD100914,2024-07-09,Arjun Patel,West Bengal,Durgapur,Beauty,Perfume,2,1090.77,5,2072.46,666.78,Credit Card,Delivered,July,Q3,32.17
ORD100915,2024-01-05,Aarav Sharma,Karnataka,Mysuru,Clothing,Saree,4,6735.8,10,24248.88,7661.91,UPI,Cancelled,January,Q1,31.6
ORD100916,2024-03-31,Neha Gupta,Maharashtra,Pune,Clothing,Jeans,4,2425.73,15,8247.48,2485.29,UPI,Delivered,March,Q1,30.13
ORD100917,2024-05-29,Pooja Mishra,Maharashtra,Pune,Sports,Cricket Bat,1,10159.59,15,8635.65,2534.84,UPI,Delivered,May,Q2,29.35
ORD100918,2024-11-09,Priya Das,Madhya Pradesh,Indore,Electronics,Headphones,2,2392.09,10,4305.76,505.25,UPI,Delivered,November,Q4,11.73
ORD100919,2024-11-13,Pooja Mishra,Telangana,Warangal,Home & Kitchen,Cookware Set,1,1685.83,5,1601.54,335.93,Credit Card,Delivered,November,Q4,20.98
ORD100920,2024-02-20,Swati Kapoor,Tamil Nadu,Chennai,Sports,Yoga Mat,2,1636.0,5,3108.4,799.77,Credit Card,Shipped,February,Q1,25.73
ORD100921,2024-03-02,Sneha Reddy,Karnataka,Mysuru,Beauty,Makeup Kit,2,1437.32,10,2587.18,713.71,Cash on Delivery,Delivered,March,Q1,27.59
ORD100922,2024-12-02,Priya Das,Karnataka,Mangaluru,Clothing,Kurta,2,1596.21,5,3032.8,821.09,Cash on Delivery,Delivered,December,Q4,27.07
ORD100923,2024-07-23,Pooja Mishra,Delhi,Delhi,Electronics,Tablet,1,34093.09,10,30683.78,4209.91,UPI,Cancelled,July,Q3,13.72
ORD100924,2024-01-29,Rohan Verma,Delhi,Delhi,Electronics,Smartphone,1,40720.75,0,40720.75,5594.34,Debit Card,Shipped,January,Q1,13.74
ORD100925,2024-10-21,Rahul Kumar,Telangana,Hyderabad,Electronics,Smart Watch,1,4117.6,10,3705.84,286.81,Credit Card,Cancelled,October,Q4,7.74
ORD100926,2024-11-11,Akash Roy,Kerala,Kochi,Clothing,Saree,1,2722.79,10,2450.51,737.01,UPI,Delivered,November,Q4,30.08
ORD100927,2024-02-19,Sanjay Mehta,Uttar Pradesh,Lucknow,Home & Kitchen,Bedsheet,2,903.84,10,1626.91,370.62,Credit Card,Delivered,February,Q1,22.78
ORD100928,2024-08-28,Rahul Kumar,Maharashtra,Mumbai,Sports,Yoga Mat,1,1286.31,10,1157.68,232.39,UPI,Delivered,August,Q3,20.07
ORD100929,2024-12-25,Kiran Yadav,Delhi,Delhi,Clothing,Jeans,1,2894.67,10,2605.2,760.55,Debit Card,Delivered,December,Q4,29.19
ORD100930,2024-03-01,Isha Joshi,Kerala,Kochi,Clothing,Kurta,3,2796.72,5,7970.65,2530.0,Credit Card,Delivered,March,Q1,31.74
ORD100931,2024-10-26,Isha Joshi,Karnataka,Bengaluru,Home & Kitchen,Cookware Set,2,3026.71,0,6053.42,1385.09,UPI,Delivered,October,Q4,22.88
ORD100932,2024-02-29,Priya Das,Karnataka,Mysuru,Home & Kitchen,Storage Box,2,612.76,20,980.42,46.07,UPI,Delivered,February,Q1,4.7
ORD100933,2024-09-11,Kavya Nair,Karnataka,Mangaluru,Beauty,Makeup Kit,1,3137.27,10,2823.54,907.4,Debit Card,Delivered,September,Q3,32.14
ORD100934,2024-07-17,Neha Gupta,Delhi,Delhi,Clothing,T-Shirt,4,1564.55,10,5632.38,1600.1,UPI,Delivered,July,Q3,28.41
ORD100935,2024-01-09,Aditya Rao,Telangana,Warangal,Clothing,Jeans,2,2898.02,20,4636.83,1406.86,UPI,Delivered,January,Q1,30.34
ORD100936,2024-12-20,Kavya Nair,Maharashtra,Mumbai,Sports,Cricket Bat,1,9189.19,5,8729.73,2453.09,Cash on Delivery,Returned,December,Q4,28.1
ORD100937,2024-12-21,Manish Jain,Madhya Pradesh,Indore,Electronics,Tablet,1,24748.19,10,22273.37,2979.96,UPI,Delivered,December,Q4,13.38
ORD100938,2024-09-29,Aditya Rao,Odisha,Bhubaneswar,Home & Kitchen,Storage Box,1,362.69,15,308.29,39.64,UPI,Delivered,September,Q3,12.86
ORD100939,2024-06-12,Aarav Sharma,Madhya Pradesh,Bhopal,Electronics,Tablet,2,27083.4,10,48750.12,6592.09,Debit Card,Delivered,June,Q2,13.52
ORD100940,2024-02-12,Priya Das,Kerala,Thiruvananthapuram,Sports,Football,2,1851.62,10,3332.92,909.77,UPI,Delivered,February,Q1,27.3
ORD100941,2024-08-15,Kiran Yadav,Rajasthan,Udaipur,Electronics,Headphones,2,2912.45,10,5242.41,576.85,Credit Card,Delivered,August,Q3,11.0
ORD100942,2024-02-25,Kiran Yadav,West Bengal,Durgapur,Beauty,Perfume,1,4915.94,10,4424.35,1493.59,Cash on Delivery,Delivered,February,Q1,33.76
ORD100943,2024-02-20,Kiran Yadav,Odisha,Bhubaneswar,Home & Kitchen,Storage Box,2,360.03,15,612.05,82.79,Debit Card,Shipped,February,Q1,13.53
ORD100944,2024-03-11,Aditya Rao,Haryana,Faridabad,Beauty,Hair Dryer,2,2953.93,15,5021.68,1753.46,Debit Card,Delivered,March,Q1,34.92
ORD100945,2024-09-18,Swati Kapoor,Haryana,Gurugram,Home & Kitchen,Storage Box,4,394.23,5,1498.07,333.86,Cash on Delivery,Delivered,September,Q3,22.29
ORD100946,2024-10-14,Ananya Singh,Haryana,Gurugram,Electronics,Tablet,2,16912.02,5,32132.84,4301.85,UPI,Delivered,October,Q4,13.39
ORD100947,2024-10-22,Akash Roy,Tamil Nadu,Madurai,Electronics,Laptop,1,81713.83,10,73542.45,10086.82,Credit Card,Returned,October,Q4,13.72
ORD100948,2024-08-08,Aditya Rao,Rajasthan,Udaipur,Electronics,Tablet,1,17012.28,15,14460.44,1832.36,Cash on Delivery,Returned,August,Q3,12.67
ORD100949,2024-09-06,Swati Kapoor,Tamil Nadu,Chennai,Electronics,Smart Watch,3,5850.24,0,17550.72,2308.67,Cash on Delivery,Delivered,September,Q3,13.15
ORD100950,2024-10-30,Sanjay Mehta,Karnataka,Mangaluru,Sports,Running Shoes,1,4093.47,15,3479.45,995.66,UPI,Delivered,October,Q4,28.62
ORD100951,2024-04-17,Aarav Sharma,Andhra Pradesh,Visakhapatnam,Clothing,T-Shirt,1,1144.67,10,1030.2,160.82,Debit Card,Shipped,April,Q2,15.61
ORD100952,2024-10-14,Swati Kapoor,Maharashtra,Pune,Electronics,Laptop,2,63367.6,0,126735.2,17533.41,Debit Card,Delivered,October,Q4,13.83
ORD100953,2024-10-08,Swati Kapoor,Maharashtra,Nagpur,Clothing,Saree,2,2764.82,10,4976.68,1441.63,Cash on Delivery,Delivered,October,Q4,28.97
ORD100954,2024-05-13,Pooja Mishra,Kerala,Thiruvananthapuram,Clothing,Jeans,4,2780.4,10,10009.44,3129.19,Credit Card,Delivered,May,Q2,31.26
ORD100955,2024-02-28,Ananya Singh,Gujarat,Surat,Clothing,Jacket,4,4719.78,5,17935.16,5649.39,UPI,Delivered,February,Q1,31.5
ORD100956,2024-12-05,Rohan Verma,Punjab,Amritsar,Clothing,Saree,1,3926.56,15,3337.58,829.38,Debit Card,Delivered,December,Q4,24.85
ORD100957,2024-05-24,Pooja Mishra,Telangana,Hyderabad,Sports,Running Shoes,3,3286.39,10,8873.25,2567.54,UPI,Delivered,May,Q2,28.94
ORD100958,2024-02-05,Divya Sahu,Uttar Pradesh,Kanpur,Electronics,Smartphone,1,18338.75,15,15587.94,2070.89,UPI,Delivered,February,Q1,13.29
ORD100959,2024-01-22,Priya Das,Karnataka,Mysuru,Home & Kitchen,Bedsheet,1,2244.83,15,1908.11,391.35,UPI,Shipped,January,Q1,20.51
ORD100960,2024-05-15,Rohan Verma,Gujarat,Surat,Clothing,Kurta,3,2136.57,10,5768.74,1727.25,Net Banking,Delivered,May,Q2,29.94
ORD100961,2024-08-28,Ananya Singh,Odisha,Cuttack,Electronics,Headphones,1,1895.46,5,1800.69,98.84,UPI,Delivered,August,Q3,5.49
ORD100962,2024-11-16,Rahul Kumar,Odisha,Bhubaneswar,Sports,Running Shoes,1,6415.07,15,5452.81,1416.49,Credit Card,Returned,November,Q4,25.98
ORD100963,2024-06-27,Arjun Patel,Tamil Nadu,Madurai,Beauty,Perfume,2,1289.73,0,2579.46,760.26,Net Banking,Shipped,June,Q2,29.47
ORD100964,2024-07-25,Sanjay Mehta,Uttar Pradesh,Kanpur,Clothing,Jeans,2,3278.36,5,6228.88,1964.56,Credit Card,Delivered,July,Q3,31.54
ORD100965,2024-05-11,Akash Roy,West Bengal,Durgapur,Beauty,Hair Dryer,4,2209.3,15,7511.62,2531.51,UPI,Delivered,May,Q2,33.7
ORD100966,2024-05-21,Isha Joshi,Tamil Nadu,Coimbatore,Clothing,Kurta,1,1296.25,10,1166.62,225.22,Debit Card,Delivered,May,Q2,19.31
ORD100967,2024-04-06,Pooja Mishra,Maharashtra,Mumbai,Clothing,Kurta,4,948.07,5,3602.67,1047.3,Cash on Delivery,Shipped,April,Q2,29.07
ORD100968,2024-12-07,Kiran Yadav,Tamil Nadu,Chennai,Electronics,Smartphone,4,34886.57,10,125591.65,17337.11,UPI,Delivered,December,Q4,13.8
ORD100969,2024-11-17,Rohan Verma,Tamil Nadu,Chennai,Home & Kitchen,Cookware Set,1,1836.96,10,1653.26,344.33,UPI,Delivered,November,Q4,20.83
ORD100970,2024-08-26,Sanjay Mehta,Rajasthan,Udaipur,Home & Kitchen,Storage Box,1,1205.14,20,964.11,73.57,Debit Card,Delivered,August,Q3,7.63
ORD100971,2024-09-16,Swati Kapoor,Karnataka,Mysuru,Beauty,Face Wash,4,677.28,5,2573.66,907.52,Credit Card,Delivered,September,Q3,35.26
ORD100972,2024-06-26,Swati Kapoor,Rajasthan,Jaipur,Clothing,Jeans,4,1648.74,15,5605.72,1688.7,UPI,Cancelled,June,Q2,30.12
ORD100973,2024-02-04,Manish Jain,Delhi,Delhi,Sports,Fitness Band,2,2120.87,10,3817.57,1001.35,UPI,Delivered,February,Q1,26.23
ORD100974,2024-03-04,Kavya Nair,Karnataka,Mangaluru,Clothing,Jeans,3,2133.25,15,5439.79,1691.84,Credit Card,Delivered,March,Q1,31.1
ORD100975,2024-03-15,Kavya Nair,Uttar Pradesh,Kanpur,Electronics,Smartphone,3,34065.08,10,91975.72,12658.72,Credit Card,Delivered,March,Q1,13.76
ORD100976,2024-11-15,Aditya Rao,Delhi,Delhi,Clothing,Jeans,4,1908.54,15,6489.04,1979.88,UPI,Delivered,November,Q4,30.51
ORD100977,2024-10-01,Akash Roy,Karnataka,Bengaluru,Clothing,Saree,2,5143.88,5,9773.37,2893.74,Debit Card,Shipped,October,Q4,29.61
ORD100978,2024-09-09,Swati Kapoor,Madhya Pradesh,Indore,Electronics,Smart Watch,2,10436.66,20,16698.66,2151.55,Debit Card,Delivered,September,Q3,12.88
ORD100979,2024-04-23,Kiran Yadav,Haryana,Faridabad,Home & Kitchen,Cookware Set,3,4585.14,15,11692.11,2876.77,UPI,Delivered,April,Q2,24.6
ORD100980,2024-11-16,Neha Gupta,Rajasthan,Jaipur,Electronics,Tablet,3,19113.91,10,51607.56,7096.27,Debit Card,Delivered,November,Q4,13.75
ORD100981,2024-03-05,Rohan Verma,Delhi,Delhi,Clothing,Kurta,1,2189.64,15,1861.19,442.04,Cash on Delivery,Delivered,March,Q1,23.75
ORD100982,2024-10-23,Ananya Singh,Gujarat,Ahmedabad,Clothing,Kurta,3,1431.8,10,3865.86,1187.23,Cash on Delivery,Delivered,October,Q4,30.71
ORD100983,2024-09-03,Vikram Shah,Rajasthan,Jaipur,Sports,Yoga Mat,2,1044.62,10,1880.32,489.9,Cash on Delivery,Delivered,September,Q3,26.05
ORD100984,2024-09-06,Neha Gupta,Tamil Nadu,Chennai,Home & Kitchen,Mixer Grinder,1,5153.25,15,4380.26,1109.21,Credit Card,Delivered,September,Q3,25.32
ORD100985,2024-01-01,Meera Iyer,Uttar Pradesh,Agra,Clothing,Jacket,1,4735.65,15,4025.3,1157.64,Debit Card,Shipped,January,Q1,28.76
ORD100986,2024-06-06,Isha Joshi,Delhi,Delhi,Clothing,T-Shirt,1,1448.36,0,1448.36,418.61,Credit Card,Delivered,June,Q2,28.9
ORD100987,2024-08-07,Sneha Reddy,Karnataka,Mangaluru,Home & Kitchen,Bedsheet,2,1201.53,5,2282.91,384.75,Cash on Delivery,Delivered,August,Q3,16.85
ORD100988,2024-01-13,Neha Gupta,Andhra Pradesh,Visakhapatnam,Beauty,Perfume,1,2345.54,5,2228.26,637.89,Cash on Delivery,Delivered,January,Q1,28.63
ORD100989,2024-11-28,Manish Jain,Haryana,Gurugram,Sports,Cricket Bat,1,5588.36,10,5029.52,1361.28,UPI,Shipped,November,Q4,27.07
ORD100990,2024-11-11,Sanjay Mehta,Tamil Nadu,Chennai,Beauty,Hair Dryer,1,1530.01,15,1300.51,392.03,Credit Card,Delivered,November,Q4,30.14
ORD100991,2024-11-09,Aditya Rao,Maharashtra,Pune,Electronics,Smart Watch,1,9756.86,20,7805.49,893.25,UPI,Delivered,November,Q4,11.44
ORD100992,2024-02-24,Swati Kapoor,Karnataka,Mysuru,Beauty,Face Wash,3,504.23,15,1285.79,335.91,Credit Card,Delivered,February,Q1,26.12
ORD100993,2024-04-29,Akash Roy,Maharashtra,Mumbai,Clothing,Kurta,3,2132.04,5,6076.31,1901.33,Debit Card,Cancelled,April,Q2,31.29
ORD100994,2024-01-06,Aditya Rao,Haryana,Faridabad,Clothing,Jeans,3,3028.21,5,8630.4,2555.87,UPI,Returned,January,Q1,29.61
ORD100995,2024-01-10,Meera Iyer,Karnataka,Mangaluru,Home & Kitchen,Bedsheet,2,938.96,5,1784.02,260.89,UPI,Shipped,January,Q1,14.62
ORD100996,2024-07-19,Divya Sahu,Delhi,Delhi,Clothing,Kurta,2,2597.99,20,4156.78,1110.46,Cash on Delivery,Cancelled,July,Q3,26.71
ORD100997,2024-11-26,Divya Sahu,Uttar Pradesh,Kanpur,Home & Kitchen,Mixer Grinder,1,3679.82,20,2943.86,605.41,Credit Card,Delivered,November,Q4,20.57
ORD100998,2024-02-14,Ananya Singh,Tamil Nadu,Coimbatore,Electronics,Smartphone,2,46129.85,20,73807.76,10296.43,UPI,Delivered,February,Q1,13.95
ORD100999,2024-09-10,Sneha Reddy,Delhi,Delhi,Electronics,Smart Watch,1,7372.67,5,7004.04,850.22,Debit Card,Delivered,September,Q3,12.14
ORD101000,2024-06-10,Isha Joshi,Telangana,Hyderabad,Beauty,Skin Care Kit,2,1753.89,5,3332.39,1193.91,Debit Card,Delivered,June,Q2,35.83
ORD101001,2024-05-15,Rohan Verma,Madhya Pradesh,Indore,Clothing,Kurta,2,1031.51,10,1856.72,399.45,Cash on Delivery,Returned,May,Q2,21.51
ORD101002,2024-08-09,Pooja Mishra,Delhi,Delhi,Home & Kitchen,Mixer Grinder,3,2026.88,10,5472.58,1183.8,Cash on Delivery,Cancelled,August,Q3,21.63
ORD101003,2024-02-23,Rahul Kumar,Uttar Pradesh,Lucknow,Electronics,Smartphone,4,19233.18,10,69239.45,9552.72,Net Banking,Cancelled,February,Q1,13.8
ORD101004,2024-11-05,Manish Jain,Telangana,Hyderabad,Electronics,Headphones,1,4573.07,10,4115.76,362.88,Debit Card,Delivered,November,Q4,8.82
ORD101005,2024-12-28,Kavya Nair,Telangana,Hyderabad,Clothing,Saree,1,5461.31,10,4915.18,1375.88,UPI,Delivered,December,Q4,27.99
ORD101006,2024-09-12,Ananya Singh,Punjab,Ludhiana,Clothing,Jeans,2,1540.84,15,2619.43,680.19,Debit Card,Delivered,September,Q3,25.97
ORD101007,2024-08-20,Isha Joshi,Gujarat,Vadodara,Electronics,Smartphone,3,21254.49,10,57387.12,7941.05,Cash on Delivery,Delivered,August,Q3,13.84
ORD101008,2024-01-09,Neha Gupta,Uttar Pradesh,Agra,Electronics,Smartphone,4,35910.47,10,129277.69,17899.42,UPI,Delivered,January,Q1,13.85
ORD101009,2024-03-31,Sneha Reddy,Andhra Pradesh,Vijayawada,Home & Kitchen,Bedsheet,1,2259.76,0,2259.76,377.41,Cash on Delivery,Delivered,March,Q1,16.7
ORD101010,2024-11-11,Sneha Reddy,Madhya Pradesh,Bhopal,Beauty,Skin Care Kit,3,851.58,10,2299.27,754.68,UPI,Delivered,November,Q4,32.82
ORD101011,2024-11-06,Isha Joshi,Andhra Pradesh,Visakhapatnam,Home & Kitchen,Air Fryer,1,5522.28,10,4970.05,1053.01,Cash on Delivery,Delivered,November,Q4,21.19
ORD101012,2024-12-17,Divya Sahu,Delhi,Delhi,Clothing,Kurta,2,2193.87,10,3948.97,1219.56,Cash on Delivery,Delivered,December,Q4,30.88
ORD101013,2024-05-21,Sneha Reddy,Maharashtra,Nagpur,Electronics,Tablet,2,44902.95,15,76335.02,10567.07,Cash on Delivery,Delivered,May,Q2,13.84
ORD101014,2024-01-08,Aditya Rao,Karnataka,Bengaluru,Electronics,Headphones,3,7830.68,15,19968.23,2709.51,UPI,Delivered,January,Q1,13.57
ORD101015,2024-12-22,Rahul Kumar,Maharashtra,Mumbai,Clothing,Saree,3,1635.13,5,4660.12,1269.34,Credit Card,Delivered,December,Q4,27.24
ORD101016,2024-07-11,Sanjay Mehta,West Bengal,Kolkata,Beauty,Perfume,3,2205.84,10,5955.77,2162.69,Credit Card,Delivered,July,Q3,36.31
ORD101017,2024-12-12,Aditya Rao,Telangana,Warangal,Electronics,Tablet,3,43700.18,10,117990.49,16298.85,Credit Card,Delivered,December,Q4,13.81
ORD101018,2024-03-30,Kavya Nair,Telangana,Hyderabad,Beauty,Face Wash,2,850.35,15,1445.6,300.25,Credit Card,Delivered,March,Q1,20.77
ORD101019,2024-04-10,Meera Iyer,Gujarat,Vadodara,Clothing,T-Shirt,3,1573.42,0,4720.26,1378.08,Credit Card,Delivered,April,Q2,29.2
ORD101020,2024-01-01,Kavya Nair,Telangana,Warangal,Beauty,Face Wash,1,510.76,10,459.68,-25.78,UPI,Delivered,January,Q1,-5.61
ORD101021,2024-05-02,Pooja Mishra,Tamil Nadu,Coimbatore,Electronics,Laptop,2,76250.13,15,129625.22,17899.24,Debit Card,Cancelled,May,Q2,13.81
ORD101022,2024-01-10,Manish Jain,Andhra Pradesh,Vijayawada,Clothing,Saree,4,2248.75,10,8095.5,2467.95,Credit Card,Delivered,January,Q1,30.49
ORD101023,2024-01-27,Manish Jain,Odisha,Cuttack,Home & Kitchen,Bedsheet,1,864.46,5,821.24,31.47,UPI,Cancelled,January,Q1,3.83
ORD101024,2024-12-24,Kavya Nair,Karnataka,Mangaluru,Home & Kitchen,Air Fryer,2,9187.72,10,16537.9,4061.19,Debit Card,Delivered,December,Q4,24.56
ORD101025,2024-09-14,Ananya Singh,Madhya Pradesh,Indore,Electronics,Laptop,1,62354.96,15,53001.72,7329.27,Net Banking,Delivered,September,Q3,13.83
ORD101026,2024-09-13,Manish Jain,Tamil Nadu,Madurai,Beauty,Hair Dryer,4,984.4,10,3543.84,1205.96,UPI,Delivered,September,Q3,34.03
ORD101027,2024-08-17,Divya Sahu,Haryana,Faridabad,Clothing,Kurta,1,2140.87,10,1926.78,574.97,Debit Card,Delivered,August,Q3,29.84
ORD101028,2024-10-02,Pooja Mishra,Madhya Pradesh,Bhopal,Electronics,Smartphone,4,20403.17,5,77532.05,10616.08,UPI,Delivered,October,Q4,13.69
ORD101029,2024-10-25,Divya Sahu,Tamil Nadu,Coimbatore,Electronics,Headphones,4,4081.3,20,13060.16,1681.27,UPI,Delivered,October,Q4,12.87
ORD101030,2024-09-20,Kavya Nair,Telangana,Hyderabad,Clothing,Kurta,1,1033.75,5,982.06,256.22,Cash on Delivery,Delivered,September,Q3,26.09
ORD101031,2024-10-12,Isha Joshi,Gujarat,Vadodara,Electronics,Tablet,3,10537.82,10,28452.11,3889.38,Debit Card,Delivered,October,Q4,13.67
ORD101032,2024-11-21,Ananya Singh,Uttar Pradesh,Lucknow,Home & Kitchen,Storage Box,2,789.43,5,1499.92,310.06,Debit Card,Delivered,November,Q4,20.67
ORD101033,2024-01-20,Sanjay Mehta,Gujarat,Ahmedabad,Clothing,Jacket,2,3451.64,15,5867.79,1795.59,Debit Card,Shipped,January,Q1,30.6
ORD101034,2024-02-28,Pooja Mishra,Uttar Pradesh,Kanpur,Sports,Fitness Band,1,4667.91,5,4434.51,1156.41,Debit Card,Delivered,February,Q1,26.08
ORD101035,2024-10-28,Arjun Patel,Telangana,Hyderabad,Clothing,Jacket,1,4682.71,5,4448.57,1325.14,Credit Card,Delivered,October,Q4,29.79
ORD101036,2024-11-18,Ananya Singh,Maharashtra,Pune,Clothing,Kurta,4,2867.39,10,10322.6,3268.53,UPI,Delivered,November,Q4,31.66
ORD101037,2024-07-10,Swati Kapoor,Kerala,Kochi,Home & Kitchen,Bedsheet,2,1086.69,10,1956.04,355.78,Cash on Delivery,Delivered,July,Q3,18.19
ORD101038,2024-02-10,Sneha Reddy,Rajasthan,Udaipur,Electronics,Smart Watch,1,2620.94,10,2358.85,193.81,UPI,Cancelled,February,Q1,8.22
ORD101039,2024-07-31,Kiran Yadav,Uttar Pradesh,Kanpur,Electronics,Headphones,1,7724.0,10,6951.6,730.95,Credit Card,Cancelled,July,Q3,10.51
ORD101040,2024-10-29,Isha Joshi,Uttar Pradesh,Kanpur,Clothing,Jeans,2,2259.01,0,4518.02,1229.04,Credit Card,Cancelled,October,Q4,27.2
ORD101041,2024-03-19,Akash Roy,Madhya Pradesh,Indore,Clothing,Jacket,2,1970.13,5,3743.25,1049.78,Debit Card,Delivered,March,Q1,28.04
ORD101042,2024-03-18,Meera Iyer,West Bengal,Durgapur,Clothing,Saree,1,1827.25,10,1644.52,318.39,UPI,Delivered,March,Q1,19.36
ORD101043,2024-05-11,Sanjay Mehta,Uttar Pradesh,Kanpur,Home & Kitchen,Mixer Grinder,1,6454.25,15,5486.11,1336.44,Credit Card,Delivered,May,Q2,24.36
ORD101044,2024-03-06,Sanjay Mehta,Delhi,Delhi,Electronics,Smart Watch,2,5754.14,10,10357.45,1270.3,UPI,Delivered,March,Q1,12.26
ORD101045,2024-12-03,Akash Roy,Maharashtra,Mumbai,Electronics,Laptop,3,85067.25,10,229681.58,32013.2,UPI,Delivered,December,Q4,13.94
ORD101046,2024-12-25,Arjun Patel,Haryana,Gurugram,Clothing,T-Shirt,2,1153.47,10,2076.25,504.39,Credit Card,Delivered,December,Q4,24.29
ORD101047,2024-09-08,Divya Sahu,Karnataka,Mangaluru,Electronics,Smart Watch,4,3625.85,5,13778.23,1766.36,Credit Card,Delivered,September,Q3,12.82
ORD101048,2024-08-14,Akash Roy,West Bengal,Kolkata,Home & Kitchen,Cookware Set,2,1238.28,10,2228.9,534.97,Cash on Delivery,Shipped,August,Q3,24.0
ORD101049,2024-02-14,Pooja Mishra,Tamil Nadu,Madurai,Electronics,Headphones,2,3830.07,5,7277.13,790.78,UPI,Delivered,February,Q1,10.87
ORD101050,2024-11-26,Swati Kapoor,Tamil Nadu,Chennai,Clothing,Jeans,1,3270.61,10,2943.55,908.57,Cash on Delivery,Delivered,November,Q4,30.87
ORD101051,2024-10-02,Ananya Singh,Maharashtra,Nagpur,Sports,Cricket Bat,1,5737.49,10,5163.74,1337.98,Debit Card,Delivered,October,Q4,25.91
ORD101052,2024-04-05,Isha Joshi,Telangana,Warangal,Clothing,Jeans,3,3273.38,10,8838.13,2763.44,Credit Card,Returned,April,Q2,31.27
ORD101053,2024-10-22,Priya Das,Odisha,Cuttack,Clothing,Jeans,3,1557.3,10,4204.71,1123.41,Credit Card,Delivered,October,Q4,26.72
ORD101054,2024-08-11,Kavya Nair,Karnataka,Mysuru,Beauty,Makeup Kit,1,3324.67,10,2992.2,891.79,Credit Card,Cancelled,August,Q3,29.8
ORD101055,2024-01-10,Vikram Shah,Punjab,Amritsar,Clothing,Kurta,2,1925.97,10,3466.75,972.99,UPI,Delivered,January,Q1,28.07
ORD101056,2024-09-03,Swati Kapoor,Andhra Pradesh,Visakhapatnam,Home & Kitchen,Mixer Grinder,1,2232.86,10,2009.57,281.63,UPI,Cancelled,September,Q3,14.01
ORD101057,2024-07-11,Kiran Yadav,Karnataka,Mysuru,Electronics,Laptop,2,38031.21,15,64653.06,8920.0,Credit Card,Delivered,July,Q3,13.8
ORD101058,2024-12-07,Neha Gupta,Uttar Pradesh,Kanpur,Home & Kitchen,Air Fryer,4,5273.96,0,21095.84,5368.78,UPI,Delivered,December,Q4,25.45
ORD101059,2024-06-13,Aarav Sharma,Punjab,Amritsar,Sports,Football,4,1891.28,0,7565.12,2032.78,Credit Card,Delivered,June,Q2,26.87
ORD101060,2024-01-05,Ananya Singh,Kerala,Thiruvananthapuram,Electronics,Laptop,1,79966.81,15,67971.79,9465.66,Debit Card,Delivered,January,Q1,13.93
ORD101061,2024-12-23,Ananya Singh,Madhya Pradesh,Indore,Electronics,Smart Watch,3,10543.12,0,31629.36,4258.34,UPI,Delivered,December,Q4,13.46
ORD101062,2024-06-06,Sanjay Mehta,Gujarat,Ahmedabad,Sports,Running Shoes,1,6799.52,5,6459.54,1795.71,Credit Card,Delivered,June,Q2,27.8
ORD101063,2024-04-13,Manish Jain,Kerala,Thiruvananthapuram,Electronics,Smartphone,3,28378.06,5,80877.47,11094.71,Credit Card,Delivered,April,Q2,13.72
ORD101064,2024-01-06,Sneha Reddy,Haryana,Gurugram,Home & Kitchen,Bedsheet,2,1619.59,10,2915.26,735.43,UPI,Returned,January,Q1,25.23
ORD101065,2024-05-19,Neha Gupta,Telangana,Hyderabad,Beauty,Perfume,1,901.27,10,811.14,132.55,UPI,Delivered,May,Q2,16.34
ORD101066,2024-12-28,Sneha Reddy,Odisha,Cuttack,Clothing,Jacket,2,3476.86,20,5562.98,1675.45,Debit Card,Delivered,December,Q4,30.12
ORD101067,2024-09-14,Pooja Mishra,West Bengal,Durgapur,Clothing,T-Shirt,1,1485.92,5,1411.62,275.58,Credit Card,Delivered,September,Q3,19.52
ORD101068,2024-01-22,Rohan Verma,Kerala,Thiruvananthapuram,Sports,Cricket Bat,3,3646.78,0,10940.34,3107.83,Credit Card,Delivered,January,Q1,28.41
ORD101069,2024-10-27,Priya Das,Kerala,Thiruvananthapuram,Home & Kitchen,Air Fryer,1,6318.04,15,5370.33,1305.02,Net Banking,Delivered,October,Q4,24.3
ORD101070,2024-04-21,Kiran Yadav,Rajasthan,Udaipur,Clothing,Saree,1,1269.05,5,1205.6,242.98,UPI,Delivered,April,Q2,20.15
ORD101071,2024-07-19,Kiran Yadav,Maharashtra,Nagpur,Home & Kitchen,Air Fryer,1,8007.53,10,7206.78,1768.13,UPI,Delivered,July,Q3,24.53
ORD101072,2024-03-26,Aditya Rao,Telangana,Hyderabad,Sports,Fitness Band,1,3276.27,10,2948.64,636.85,UPI,Delivered,March,Q1,21.6
ORD101073,2024-01-24,Kiran Yadav,Madhya Pradesh,Bhopal,Electronics,Smart Watch,1,8027.11,5,7625.75,916.72,Debit Card,Shipped,January,Q1,12.02
ORD101074,2024-01-16,Neha Gupta,Uttar Pradesh,Lucknow,Beauty,Face Wash,3,728.74,0,2186.22,688.28,UPI,Delivered,January,Q1,31.48
ORD101075,2024-07-07,Divya Sahu,Madhya Pradesh,Bhopal,Electronics,Tablet,1,18706.01,0,18706.01,2500.53,Net Banking,Delivered,July,Q3,13.37
ORD101076,2024-08-18,Sanjay Mehta,Maharashtra,Nagpur,Sports,Football,1,1905.25,0,1905.25,405.19,Credit Card,Delivered,August,Q3,21.27
ORD101077,2024-07-23,Sneha Reddy,Karnataka,Mangaluru,Clothing,Kurta,1,1950.74,0,1950.74,488.77,Credit Card,Delivered,July,Q3,25.06
ORD101078,2024-01-01,Kavya Nair,Uttar Pradesh,Lucknow,Clothing,T-Shirt,1,1759.37,15,1495.46,251.15,UPI,Returned,January,Q1,16.79
ORD101079,2024-04-10,Meera Iyer,Tamil Nadu,Madurai,Beauty,Perfume,4,3371.72,5,12812.54,4584.07,UPI,Delivered,April,Q2,35.78
ORD101080,2024-01-07,Divya Sahu,Tamil Nadu,Madurai,Home & Kitchen,Air Fryer,4,7818.3,0,31273.2,8042.02,UPI,Delivered,January,Q1,25.72
ORD101081,2024-05-29,Ananya Singh,Tamil Nadu,Madurai,Home & Kitchen,Storage Box,1,1355.66,0,1355.66,190.99,UPI,Delivered,May,Q2,14.09
ORD101082,2024-11-29,Priya Das,Gujarat,Vadodara,Beauty,Makeup Kit,1,638.08,15,542.37,109.65,Credit Card,Delivered,November,Q4,20.22
ORD101083,2024-08-10,Arjun Patel,Gujarat,Surat,Home & Kitchen,Air Fryer,1,5421.39,0,5421.39,1226.61,UPI,Delivered,August,Q3,22.63
ORD101084,2024-08-29,Arjun Patel,Uttar Pradesh,Kanpur,Electronics,Smartphone,1,45523.17,10,40970.85,5685.87,Debit Card,Shipped,August,Q3,13.88
ORD101085,2024-11-12,Aarav Sharma,Maharashtra,Pune,Clothing,Kurta,3,963.67,0,2891.01,715.05,UPI,Delivered,November,Q4,24.73
ORD101086,2024-01-16,Neha Gupta,Karnataka,Mysuru,Clothing,Jeans,4,1363.41,10,4908.28,1339.77,Cash on Delivery,Delivered,January,Q1,27.3
ORD101087,2024-07-10,Kiran Yadav,Kerala,Kochi,Sports,Running Shoes,1,3908.62,5,3713.19,895.54,Credit Card,Delivered,July,Q3,24.12
ORD101088,2024-02-07,Aarav Sharma,Gujarat,Vadodara,Electronics,Laptop,1,81151.21,0,81151.21,11296.92,Cash on Delivery,Cancelled,February,Q1,13.92
ORD101089,2024-05-21,Isha Joshi,Gujarat,Ahmedabad,Clothing,Jeans,3,1469.35,0,4408.05,1290.71,UPI,Delivered,May,Q2,29.28
ORD101090,2024-08-03,Priya Das,Odisha,Cuttack,Electronics,Smart Watch,1,5526.36,15,4697.41,498.47,Debit Card,Delivered,August,Q3,10.61
ORD101091,2024-08-02,Kiran Yadav,Gujarat,Surat,Sports,Football,2,521.93,5,991.67,49.66,Credit Card,Delivered,August,Q3,5.01
ORD101092,2024-02-06,Arjun Patel,Madhya Pradesh,Indore,Clothing,Jacket,4,5474.1,10,19706.76,6083.49,Credit Card,Shipped,February,Q1,30.87
ORD101093,2024-10-06,Rohan Verma,Uttar Pradesh,Lucknow,Clothing,Saree,1,2922.28,10,2630.05,804.88,UPI,Delivered,October,Q4,30.6
ORD101094,2024-04-28,Kavya Nair,Gujarat,Vadodara,Home & Kitchen,Storage Box,2,619.8,5,1177.62,69.54,Credit Card,Shipped,April,Q2,5.91
ORD101095,2024-09-02,Kiran Yadav,Maharashtra,Nagpur,Electronics,Tablet,2,25714.29,10,46285.72,6234.73,Credit Card,Shipped,September,Q3,13.47
ORD101096,2024-05-31,Rahul Kumar,Delhi,Delhi,Clothing,Jacket,3,1944.93,10,5251.31,1608.92,Credit Card,Delivered,May,Q2,30.64
ORD101097,2024-03-08,Swati Kapoor,Odisha,Bhubaneswar,Home & Kitchen,Storage Box,1,1291.64,10,1162.48,276.5,Credit Card,Returned,March,Q1,23.79
ORD101098,2024-04-26,Sanjay Mehta,Tamil Nadu,Coimbatore,Clothing,T-Shirt,2,732.78,5,1392.28,335.27,UPI,Cancelled,April,Q2,24.08
ORD101099,2024-09-04,Sanjay Mehta,Rajasthan,Udaipur,Beauty,Perfume,1,1046.08,5,993.78,158.46,Credit Card,Delivered,September,Q3,15.95
ORD101100,2024-08-13,Swati Kapoor,Haryana,Faridabad,Clothing,Saree,2,1867.95,5,3549.1,987.45,Credit Card,Delivered,August,Q3,27.82
ORD101101,2024-11-27,Akash Roy,Tamil Nadu,Coimbatore,Beauty,Makeup Kit,2,3057.91,5,5810.03,2034.1,Cash on Delivery,Delivered,November,Q4,35.01
ORD101102,2024-07-04,Isha Joshi,Delhi,Delhi,Electronics,Tablet,1,20792.43,5,19752.81,2627.15,Cash on Delivery,Delivered,July,Q3,13.3
ORD101103,2024-03-11,Priya Das,Punjab,Ludhiana,Clothing,Kurta,1,708.13,15,601.91,84.85,Debit Card,Delivered,March,Q1,14.1
ORD101104,2024-07-02,Kiran Yadav,Kerala,Kochi,Beauty,Hair Dryer,4,2742.68,0,10970.72,3907.98,Cash on Delivery,Delivered,July,Q3,35.62
ORD101105,2024-08-29,Rohan Verma,Haryana,Gurugram,Sports,Yoga Mat,2,591.04,0,1182.08,244.24,Cash on Delivery,Cancelled,August,Q3,20.66
ORD101106,2024-12-04,Priya Das,Gujarat,Vadodara,Beauty,Hair Dryer,1,1165.12,10,1048.61,264.34,Credit Card,Delivered,December,Q4,25.21
ORD101107,2024-12-05,Kavya Nair,Gujarat,Ahmedabad,Clothing,T-Shirt,3,1537.14,15,3919.71,1113.65,UPI,Delivered,December,Q4,28.41
ORD101108,2024-09-27,Kiran Yadav,Telangana,Hyderabad,Clothing,Kurta,4,982.53,10,3537.11,925.95,UPI,Delivered,September,Q3,26.18
ORD101109,2024-02-21,Isha Joshi,Madhya Pradesh,Bhopal,Clothing,T-Shirt,4,521.85,0,2087.4,439.97,UPI,Returned,February,Q1,21.08
ORD101110,2024-06-05,Sanjay Mehta,Uttar Pradesh,Kanpur,Electronics,Tablet,4,32384.38,5,123060.64,17131.41,Cash on Delivery,Delivered,June,Q2,13.92
ORD101111,2024-01-16,Kiran Yadav,Telangana,Hyderabad,Electronics,Smart Watch,1,9468.58,10,8521.72,1142.97,UPI,Delivered,January,Q1,13.41
ORD101112,2024-12-20,Sneha Reddy,Andhra Pradesh,Vijayawada,Electronics,Headphones,1,3518.33,10,3166.5,207.63,UPI,Delivered,December,Q4,6.56
ORD101113,2024-03-27,Kavya Nair,Andhra Pradesh,Visakhapatnam,Electronics,Smartphone,3,27575.82,15,70318.34,9750.65,UPI,Cancelled,March,Q1,13.87
ORD101114,2024-01-16,Divya Sahu,Kerala,Kochi,Electronics,Laptop,2,41933.4,10,75480.12,10483.5,Credit Card,Delivered,January,Q1,13.89
ORD101115,2024-02-01,Kavya Nair,Tamil Nadu,Madurai,Electronics,Smartphone,2,12967.17,10,23340.91,3104.29,Credit Card,Delivered,February,Q1,13.3
ORD101116,2024-12-04,Isha Joshi,Andhra Pradesh,Visakhapatnam,Sports,Football,4,700.34,10,2521.22,580.34,UPI,Delivered,December,Q4,23.02
ORD101117,2024-06-07,Aditya Rao,Uttar Pradesh,Kanpur,Beauty,Makeup Kit,4,2669.54,5,10144.25,3628.51,Cash on Delivery,Delivered,June,Q2,35.77
ORD101118,2024-07-03,Manish Jain,Karnataka,Mysuru,Clothing,Saree,1,6031.73,0,6031.73,1903.6,Cash on Delivery,Delivered,July,Q3,31.56
ORD101119,2024-12-15,Swati Kapoor,Delhi,Delhi,Clothing,Kurta,1,2118.83,5,2012.89,605.65,Cash on Delivery,Delivered,December,Q4,30.09
ORD101120,2024-11-27,Swati Kapoor,Tamil Nadu,Madurai,Clothing,Jeans,1,2865.79,5,2722.5,700.9,UPI,Delivered,November,Q4,25.74
ORD101121,2024-11-25,Kiran Yadav,Tamil Nadu,Madurai,Electronics,Headphones,1,7475.66,20,5980.53,690.39,Credit Card,Returned,November,Q4,11.54
ORD101122,2024-04-21,Vikram Shah,Telangana,Hyderabad,Sports,Football,1,639.57,10,575.61,-44.26,UPI,Delivered,April,Q2,-7.69
ORD101123,2024-03-24,Pooja Mishra,Karnataka,Bengaluru,Home & Kitchen,Cookware Set,2,3842.55,15,6532.34,1640.62,Cash on Delivery,Shipped,March,Q1,25.12
ORD101124,2024-06-29,Divya Sahu,Maharashtra,Mumbai,Clothing,Jacket,1,5199.63,0,5199.63,1619.99,Debit Card,Delivered,June,Q2,31.16
ORD101125,2024-12-04,Swati Kapoor,Uttar Pradesh,Lucknow,Home & Kitchen,Storage Box,2,1300.07,5,2470.13,548.1,Credit Card,Delivered,December,Q4,22.19
ORD101126,2024-12-18,Rohan Verma,Kerala,Kochi,Electronics,Laptop,4,38633.77,0,154535.08,21492.24,Cash on Delivery,Delivered,December,Q4,13.91
ORD101127,2024-06-01,Meera Iyer,Punjab,Ludhiana,Beauty,Skin Care Kit,2,2125.89,0,4251.78,1365.35,Cash on Delivery,Delivered,June,Q2,32.11
ORD101128,2024-08-26,Pooja Mishra,Rajasthan,Udaipur,Electronics,Smart Watch,2,1732.68,15,2945.56,170.54,UPI,Delivered,August,Q3,5.79
ORD101129,2024-05-31,Neha Gupta,Karnataka,Bengaluru,Beauty,Hair Dryer,2,1470.09,10,2646.16,794.66,Debit Card,Delivered,May,Q2,30.03
ORD101130,2024-10-26,Kiran Yadav,Odisha,Cuttack,Home & Kitchen,Air Fryer,1,6249.74,0,6249.74,1376.77,UPI,Delivered,October,Q4,22.03
ORD101131,2024-03-03,Akash Roy,Maharashtra,Pune,Electronics,Smart Watch,2,9692.02,5,18414.84,2472.18,Net Banking,Returned,March,Q1,13.42
ORD101132,2024-09-05,Swati Kapoor,Karnataka,Mangaluru,Electronics,Headphones,3,2961.38,5,8439.93,1124.41,UPI,Delivered,September,Q3,13.32
ORD101133,2024-08-25,Rohan Verma,Gujarat,Ahmedabad,Sports,Running Shoes,4,3899.93,5,14819.73,4240.55,UPI,Delivered,August,Q3,28.61
ORD101134,2024-11-16,Isha Joshi,Odisha,Bhubaneswar,Clothing,Jeans,1,2100.7,15,1785.59,428.75,UPI,Delivered,November,Q4,24.01
ORD101135,2024-01-15,Rahul Kumar,Maharashtra,Mumbai,Electronics,Laptop,3,70619.15,10,190671.7,26552.89,Credit Card,Delivered,January,Q1,13.93
ORD101136,2024-11-13,Aarav Sharma,Haryana,Gurugram,Sports,Fitness Band,4,4030.63,15,13704.14,3997.56,Credit Card,Shipped,November,Q4,29.17
ORD101137,2024-05-27,Meera Iyer,Maharashtra,Pune,Clothing,T-Shirt,1,1505.02,0,1505.02,456.81,Debit Card,Delivered,May,Q2,30.35
ORD101138,2024-07-04,Aditya Rao,Delhi,Delhi,Clothing,Saree,2,5988.53,5,11378.21,3417.14,UPI,Delivered,July,Q3,30.03
ORD101139,2024-12-06,Kiran Yadav,Karnataka,Bengaluru,Clothing,Kurta,1,2654.23,5,2521.52,718.37,Credit Card,Delivered,December,Q4,28.49
ORD101140,2024-01-24,Vikram Shah,Uttar Pradesh,Lucknow,Clothing,T-Shirt,2,737.12,0,1474.24,245.74,Debit Card,Delivered,January,Q1,16.67
ORD101141,2024-10-28,Neha Gupta,Haryana,Gurugram,Electronics,Laptop,1,77103.86,20,61683.09,8447.62,UPI,Delivered,October,Q4,13.7
ORD101142,2024-12-23,Priya Das,Andhra Pradesh,Vijayawada,Electronics,Laptop,1,42819.7,15,36396.74,4846.05,UPI,Shipped,December,Q4,13.31
ORD101143,2024-01-07,Sanjay Mehta,Maharashtra,Mumbai,Beauty,Face Wash,4,426.47,10,1535.29,493.15,Debit Card,Delivered,January,Q1,32.12
ORD101144,2024-05-04,Swati Kapoor,Delhi,Delhi,Electronics,Smart Watch,2,6938.03,0,13876.06,1811.25,UPI,Delivered,May,Q2,13.05
ORD101145,2024-04-19,Rahul Kumar,Delhi,Delhi,Electronics,Headphones,2,2761.61,0,5523.22,717.28,Debit Card,Delivered,April,Q2,12.99
ORD101146,2024-03-27,Aarav Sharma,Andhra Pradesh,Vijayawada,Beauty,Makeup Kit,2,899.04,10,1618.27,368.58,Net Banking,Shipped,March,Q1,22.78
ORD101147,2024-01-25,Priya Das,Karnataka,Bengaluru,Clothing,Saree,1,1780.18,10,1602.16,436.09,Debit Card,Cancelled,January,Q1,27.22
ORD101148,2024-10-09,Kavya Nair,Andhra Pradesh,Vijayawada,Beauty,Face Wash,2,841.92,15,1431.26,356.95,UPI,Delivered,October,Q4,24.94
ORD101149,2024-01-13,Meera Iyer,Delhi,Delhi,Clothing,Kurta,4,1103.02,0,4412.08,1384.02,Debit Card,Shipped,January,Q1,31.37
ORD101150,2024-12-11,Rahul Kumar,Maharashtra,Pune,Beauty,Skin Care Kit,1,3328.05,10,2995.25,883.0,Debit Card,Delivered,December,Q4,29.48
ORD101151,2024-09-30,Meera Iyer,Maharashtra,Mumbai,Clothing,Jeans,4,2267.21,20,7255.07,2080.86,UPI,Cancelled,September,Q3,28.68
ORD101152,2024-12-14,Neha Gupta,Karnataka,Mangaluru,Electronics,Headphones,1,7351.68,0,7351.68,917.18,Credit Card,Shipped,December,Q4,12.48
ORD101153,2024-01-15,Arjun Patel,Delhi,Delhi,Electronics,Smart Watch,4,1775.7,10,6392.52,803.82,Credit Card,Delivered,January,Q1,12.57
ORD101154,2024-07-24,Rahul Kumar,Odisha,Cuttack,Electronics,Smart Watch,4,10436.46,5,39658.55,5388.79,Credit Card,Shipped,July,Q3,13.59
ORD101155,2024-10-28,Isha Joshi,West Bengal,Kolkata,Clothing,Kurta,2,2559.46,0,5118.92,1470.64,Credit Card,Cancelled,October,Q4,28.73
ORD101156,2024-06-19,Neha Gupta,Kerala,Kochi,Electronics,Headphones,1,4863.98,5,4620.78,578.99,UPI,Delivered,June,Q2,12.53
ORD101157,2024-09-24,Swati Kapoor,Delhi,Delhi,Clothing,T-Shirt,2,1761.48,10,3170.66,960.32,Net Banking,Delivered,September,Q3,30.29
ORD101158,2024-04-01,Akash Roy,Karnataka,Mysuru,Clothing,Jacket,1,4938.99,10,4445.09,1275.06,Credit Card,Delivered,April,Q2,28.68
ORD101159,2024-07-15,Vikram Shah,Maharashtra,Mumbai,Home & Kitchen,Storage Box,3,627.63,15,1600.46,321.44,Debit Card,Cancelled,July,Q3,20.08
ORD101160,2024-10-18,Aarav Sharma,Odisha,Cuttack,Electronics,Tablet,1,14153.54,20,11322.83,1381.83,UPI,Shipped,October,Q4,12.2
ORD101161,2024-04-29,Kavya Nair,Delhi,Delhi,Sports,Yoga Mat,2,1637.24,5,3110.76,724.61,Net Banking,Delivered,April,Q2,23.29
ORD101162,2024-11-13,Vikram Shah,Kerala,Thiruvananthapuram,Beauty,Hair Dryer,3,1807.39,15,4608.84,1649.79,UPI,Delivered,November,Q4,35.8
ORD101163,2024-11-13,Pooja Mishra,Haryana,Gurugram,Electronics,Laptop,1,72898.67,5,69253.74,9649.41,UPI,Delivered,November,Q4,13.93
ORD101164,2024-09-06,Manish Jain,Kerala,Thiruvananthapuram,Beauty,Makeup Kit,2,2597.02,10,4674.64,1669.33,Credit Card,Delivered,September,Q3,35.71
ORD101165,2024-07-25,Ananya Singh,Kerala,Kochi,Electronics,Smartphone,4,30203.47,0,120813.88,16739.06,Debit Card,Delivered,July,Q3,13.86
ORD101166,2024-09-28,Meera Iyer,Maharashtra,Pune,Beauty,Skin Care Kit,1,1755.09,15,1491.83,475.28,Cash on Delivery,Delivered,September,Q3,31.86
ORD101167,2024-08-05,Aarav Sharma,Maharashtra,Mumbai,Electronics,Laptop,4,56903.08,0,227612.32,31618.49,Debit Card,Delivered,August,Q3,13.89
ORD101168,2024-06-28,Aditya Rao,Maharashtra,Mumbai,Sports,Running Shoes,2,4821.16,0,9642.32,2708.45,Debit Card,Delivered,June,Q2,28.09
ORD101169,2024-05-07,Sanjay Mehta,Delhi,Delhi,Home & Kitchen,Cookware Set,3,2174.78,10,5871.91,1435.12,Credit Card,Shipped,May,Q2,24.44
ORD101170,2024-03-03,Akash Roy,Rajasthan,Udaipur,Clothing,Jacket,2,2087.04,20,3339.26,847.97,Cash on Delivery,Cancelled,March,Q1,25.39
ORD101171,2024-01-01,Sneha Reddy,Tamil Nadu,Madurai,Electronics,Laptop,1,94495.87,15,80321.49,11111.91,UPI,Delivered,January,Q1,13.83
ORD101172,2024-12-10,Aditya Rao,Maharashtra,Mumbai,Clothing,T-Shirt,1,1079.35,5,1025.38,201.03,Credit Card,Delivered,December,Q4,19.61
ORD101173,2024-11-17,Kavya Nair,West Bengal,Kolkata,Electronics,Tablet,2,17424.39,0,34848.78,4719.65,Debit Card,Delivered,November,Q4,13.54
ORD101174,2024-08-19,Rahul Kumar,Maharashtra,Nagpur,Electronics,Smartphone,2,17736.05,0,35472.1,4938.46,UPI,Delivered,August,Q3,13.92
ORD101175,2024-07-27,Kiran Yadav,Kerala,Kochi,Clothing,T-Shirt,3,1234.13,10,3332.15,826.24,UPI,Returned,July,Q3,24.8
ORD101176,2024-01-26,Aditya Rao,Madhya Pradesh,Indore,Home & Kitchen,Storage Box,1,745.7,5,708.42,-17.81,Debit Card,Delivered,January,Q1,-2.51
ORD101177,2024-02-05,Swati Kapoor,Punjab,Ludhiana,Electronics,Smartphone,1,47068.75,10,42361.88,5821.16,Credit Card,Returned,February,Q1,13.74
ORD101178,2024-05-01,Pooja Mishra,Delhi,Delhi,Electronics,Smart Watch,3,7777.79,5,22166.7,3064.62,UPI,Delivered,May,Q2,13.83
ORD101179,2024-12-19,Swati Kapoor,Karnataka,Mysuru,Home & Kitchen,Bedsheet,1,1738.43,20,1390.74,294.28,UPI,Delivered,December,Q4,21.16
ORD101180,2024-03-19,Arjun Patel,Telangana,Warangal,Electronics,Tablet,3,10600.31,10,28620.84,3906.14,UPI,Delivered,March,Q1,13.65
ORD101181,2024-08-11,Kavya Nair,Delhi,Delhi,Electronics,Tablet,1,41744.1,10,37569.69,5016.81,UPI,Delivered,August,Q3,13.35
ORD101182,2024-04-24,Aarav Sharma,Kerala,Thiruvananthapuram,Clothing,Jeans,2,2602.04,10,4683.67,1252.08,Cash on Delivery,Returned,April,Q2,26.73
ORD101183,2024-04-23,Aarav Sharma,Karnataka,Mangaluru,Home & Kitchen,Bedsheet,1,885.29,5,841.03,4.12,Net Banking,Cancelled,April,Q2,0.49
ORD101184,2024-06-28,Ananya Singh,Karnataka,Bengaluru,Electronics,Smartphone,1,51394.42,15,43685.26,6037.82,UPI,Delivered,June,Q2,13.82
ORD101185,2024-08-13,Aarav Sharma,Kerala,Thiruvananthapuram,Beauty,Skin Care Kit,1,2869.52,5,2726.04,913.55,UPI,Delivered,August,Q3,33.51
ORD101186,2024-07-08,Swati Kapoor,Telangana,Hyderabad,Beauty,Perfume,2,1010.6,20,1616.96,447.65,UPI,Cancelled,July,Q3,27.68
ORD101187,2024-11-16,Priya Das,Madhya Pradesh,Indore,Home & Kitchen,Cookware Set,2,3381.82,5,6425.46,1523.78,Credit Card,Delivered,November,Q4,23.71
ORD101188,2024-12-25,Manish Jain,Haryana,Faridabad,Clothing,Kurta,1,2863.65,10,2577.29,775.21,Credit Card,Delivered,December,Q4,30.08
ORD101189,2024-08-30,Pooja Mishra,Maharashtra,Pune,Electronics,Tablet,4,28650.58,10,103142.09,14358.07,Net Banking,Delivered,August,Q3,13.92
ORD101190,2024-10-25,Ananya Singh,Karnataka,Mangaluru,Electronics,Smart Watch,4,8376.74,5,31831.61,4346.17,Credit Card,Delivered,October,Q4,13.65
ORD101191,2024-01-10,Arjun Patel,Gujarat,Ahmedabad,Home & Kitchen,Storage Box,2,1473.48,15,2504.92,478.17,UPI,Delivered,January,Q1,19.09
ORD101192,2024-08-27,Kiran Yadav,Gujarat,Vadodara,Electronics,Headphones,4,5492.96,0,21971.84,2852.16,Credit Card,Delivered,August,Q3,12.98
ORD101193,2024-08-07,Aarav Sharma,Uttar Pradesh,Kanpur,Clothing,Jacket,1,5247.82,10,4723.04,1456.03,Debit Card,Delivered,August,Q3,30.83
ORD101194,2024-01-20,Priya Das,Andhra Pradesh,Vijayawada,Home & Kitchen,Cookware Set,2,2951.99,15,5018.38,1281.23,Cash on Delivery,Delivered,January,Q1,25.53
ORD101195,2024-07-16,Aarav Sharma,Tamil Nadu,Madurai,Home & Kitchen,Bedsheet,1,2443.12,15,2076.65,292.2,Cash on Delivery,Delivered,July,Q3,14.07
ORD101196,2024-05-22,Kavya Nair,Karnataka,Mangaluru,Home & Kitchen,Bedsheet,4,983.68,5,3737.98,795.13,Credit Card,Delivered,May,Q2,21.27
ORD101197,2024-01-26,Arjun Patel,Maharashtra,Pune,Clothing,Jeans,2,1471.35,10,2648.43,821.67,Credit Card,Delivered,January,Q1,31.02
ORD101198,2024-04-20,Neha Gupta,Telangana,Warangal,Electronics,Laptop,4,40637.83,15,138168.62,19254.81,Debit Card,Shipped,April,Q2,13.94
ORD101199,2024-10-06,Akash Roy,Madhya Pradesh,Bhopal,Electronics,Tablet,3,32921.69,15,83950.31,11681.33,Credit Card,Delivered,October,Q4,13.91
ORD101200,2024-11-12,Kiran Yadav,Haryana,Gurugram,Electronics,Headphones,2,3915.03,0,7830.06,875.55,Debit Card,Cancelled,November,Q4,11.18
ORD101201,2024-02-10,Sanjay Mehta,Uttar Pradesh,Agra,Clothing,Jacket,4,4162.51,20,13320.03,4167.83,UPI,Delivered,February,Q1,31.29
ORD101202,2024-10-14,Sneha Reddy,Maharashtra,Pune,Electronics,Tablet,4,16768.25,15,57012.05,7950.31,Cash on Delivery,Delivered,October,Q4,13.94
ORD101203,2024-07-07,Swati Kapoor,Tamil Nadu,Chennai,Beauty,Makeup Kit,4,2911.57,15,9899.34,3530.88,UPI,Delivered,July,Q3,35.67
ORD101204,2024-11-16,Rahul Kumar,West Bengal,Durgapur,Home & Kitchen,Storage Box,1,1064.87,5,1011.63,69.16,Credit Card,Delivered,November,Q4,6.84
ORD101205,2024-03-12,Akash Roy,Kerala,Thiruvananthapuram,Beauty,Skin Care Kit,1,1498.45,10,1348.6,449.04,Net Banking,Shipped,March,Q1,33.3
ORD101206,2024-08-11,Swati Kapoor,Uttar Pradesh,Lucknow,Clothing,Jacket,1,1944.06,0,1944.06,565.22,UPI,Delivered,August,Q3,29.07
ORD101207,2024-03-22,Rohan Verma,Odisha,Bhubaneswar,Electronics,Headphones,1,7625.0,5,7243.75,881.51,Credit Card,Delivered,March,Q1,12.17
ORD101208,2024-11-02,Manish Jain,Rajasthan,Udaipur,Beauty,Hair Dryer,1,2588.77,10,2329.89,733.78,Credit Card,Shipped,November,Q4,31.49
ORD101209,2024-09-02,Aarav Sharma,Gujarat,Surat,Beauty,Perfume,3,1934.02,5,5511.96,1955.32,Cash on Delivery,Delivered,September,Q3,35.47
ORD101210,2024-03-13,Aarav Sharma,Karnataka,Mangaluru,Beauty,Hair Dryer,1,2812.08,10,2530.87,750.14,Credit Card,Delivered,March,Q1,29.64
ORD101211,2024-10-07,Rohan Verma,Gujarat,Ahmedabad,Home & Kitchen,Cookware Set,2,1309.66,5,2488.35,604.97,UPI,Delivered,October,Q4,24.31
ORD101212,2024-11-15,Kavya Nair,Madhya Pradesh,Indore,Clothing,Jeans,2,1609.34,0,3218.68,954.56,Debit Card,Delivered,November,Q4,29.66
ORD101213,2024-08-26,Swati Kapoor,Gujarat,Ahmedabad,Electronics,Tablet,4,25926.81,15,88151.15,12126.82,Cash on Delivery,Delivered,August,Q3,13.76
ORD101214,2024-04-29,Manish Jain,Delhi,Delhi,Home & Kitchen,Storage Box,2,1086.03,15,1846.25,435.3,Cash on Delivery,Delivered,April,Q2,23.58
ORD101215,2024-09-01,Isha Joshi,Karnataka,Mysuru,Electronics,Smartphone,3,14221.47,10,38397.97,5189.84,UPI,Cancelled,September,Q3,13.52
ORD101216,2024-10-26,Akash Roy,Madhya Pradesh,Bhopal,Clothing,Jacket,1,2636.01,15,2240.61,549.88,UPI,Delivered,October,Q4,24.54
ORD101217,2024-10-01,Meera Iyer,Tamil Nadu,Coimbatore,Clothing,T-Shirt,2,1373.89,10,2473.0,736.68,Cash on Delivery,Cancelled,October,Q4,29.79
ORD101218,2024-03-10,Kiran Yadav,Tamil Nadu,Chennai,Home & Kitchen,Cookware Set,1,4209.47,5,3999.0,836.37,Credit Card,Delivered,March,Q1,20.91
ORD101219,2024-07-22,Aditya Rao,Karnataka,Mysuru,Clothing,Jacket,1,2049.38,15,1741.97,524.46,Credit Card,Delivered,July,Q3,30.11
ORD101220,2024-12-20,Ananya Singh,Karnataka,Bengaluru,Home & Kitchen,Bedsheet,1,1995.31,15,1696.01,289.93,UPI,Delivered,December,Q4,17.09
ORD101221,2024-10-15,Manish Jain,Haryana,Faridabad,Clothing,Jeans,2,2808.79,15,4774.94,1335.92,Debit Card,Delivered,October,Q4,27.98
ORD101222,2024-08-15,Manish Jain,Odisha,Cuttack,Clothing,Saree,4,3357.0,15,11413.8,3441.65,Cash on Delivery,Delivered,August,Q3,30.15
ORD101223,2024-12-09,Akash Roy,Rajasthan,Udaipur,Beauty,Skin Care Kit,2,1611.09,10,2899.96,984.3,Credit Card,Delivered,December,Q4,33.94
ORD101224,2024-09-02,Pooja Mishra,West Bengal,Kolkata,Clothing,Jeans,1,3039.75,10,2735.78,814.39,Credit Card,Delivered,September,Q3,29.77
ORD101225,2024-02-20,Isha Joshi,Punjab,Amritsar,Electronics,Laptop,2,42241.24,0,84482.48,11749.96,Credit Card,Shipped,February,Q1,13.91
ORD101226,2024-05-08,Sanjay Mehta,Delhi,Delhi,Home & Kitchen,Cookware Set,1,2312.35,5,2196.73,413.0,Credit Card,Delivered,May,Q2,18.8
ORD101227,2024-08-03,Sneha Reddy,Uttar Pradesh,Agra,Clothing,Jeans,1,2352.68,10,2117.41,645.42,Cash on Delivery,Shipped,August,Q3,30.48
ORD101228,2024-07-25,Swati Kapoor,Maharashtra,Nagpur,Home & Kitchen,Storage Box,4,1010.98,5,3841.72,862.18,Net Banking,Delivered,July,Q3,22.44
ORD101229,2024-03-10,Priya Das,Delhi,Delhi,Clothing,T-Shirt,2,808.01,15,1373.62,374.55,Cash on Delivery,Delivered,March,Q1,27.27
ORD101230,2024-06-03,Akash Roy,Maharashtra,Nagpur,Sports,Running Shoes,4,3553.18,10,12791.45,3689.41,UPI,Delivered,June,Q2,28.84
ORD101231,2024-06-07,Divya Sahu,Uttar Pradesh,Kanpur,Beauty,Perfume,4,2711.05,15,9217.57,3265.66,Net Banking,Delivered,June,Q2,35.43
ORD101232,2024-12-12,Manish Jain,Gujarat,Surat,Electronics,Smart Watch,1,2829.91,5,2688.41,308.56,Cash on Delivery,Delivered,December,Q4,11.48
ORD101233,2024-01-21,Rahul Kumar,Karnataka,Mysuru,Sports,Fitness Band,1,3080.36,0,3080.36,707.89,Credit Card,Delivered,January,Q1,22.98
ORD101234,2024-03-16,Manish Jain,Andhra Pradesh,Vijayawada,Home & Kitchen,Mixer Grinder,1,4417.07,0,4417.07,908.02,Credit Card,Delivered,March,Q1,20.56
ORD101235,2024-10-13,Ananya Singh,Gujarat,Surat,Electronics,Laptop,4,86996.49,10,313187.36,43800.02,UPI,Delivered,October,Q4,13.99
ORD101236,2024-03-05,Rahul Kumar,Haryana,Gurugram,Electronics,Smartphone,4,34258.87,10,123331.93,17134.46,Credit Card,Delivered,March,Q1,13.89
ORD101237,2024-07-18,Swati Kapoor,Odisha,Cuttack,Clothing,Jeans,2,3104.25,5,5898.08,1660.52,Cash on Delivery,Delivered,July,Q3,28.15
ORD101238,2024-08-08,Kiran Yadav,Gujarat,Ahmedabad,Sports,Football,1,2029.33,10,1826.4,438.78,Debit Card,Delivered,August,Q3,24.02
ORD101239,2024-01-24,Manish Jain,West Bengal,Kolkata,Clothing,Jeans,2,1546.14,5,2937.67,818.73,Credit Card,Delivered,January,Q1,27.87
ORD101240,2024-08-07,Kiran Yadav,Uttar Pradesh,Agra,Clothing,Jeans,2,1092.06,10,1965.71,480.68,UPI,Delivered,August,Q3,24.45
ORD101241,2024-03-10,Sneha Reddy,Kerala,Kochi,Home & Kitchen,Air Fryer,2,5515.14,10,9927.25,2428.82,UPI,Delivered,March,Q1,24.47
ORD101242,2024-04-13,Meera Iyer,Maharashtra,Mumbai,Clothing,Jeans,1,1211.84,15,1030.06,230.86,Net Banking,Delivered,April,Q2,22.41
ORD101243,2024-12-26,Isha Joshi,Andhra Pradesh,Visakhapatnam,Home & Kitchen,Cookware Set,3,2101.16,10,5673.13,1231.68,Cash on Delivery,Returned,December,Q4,21.71
ORD101244,2024-11-05,Kavya Nair,Maharashtra,Mumbai,Sports,Cricket Bat,2,8142.92,5,15471.55,4454.06,UPI,Delivered,November,Q4,28.79
ORD101245,2024-01-14,Rahul Kumar,Andhra Pradesh,Vijayawada,Sports,Yoga Mat,1,1839.64,10,1655.68,471.03,Cash on Delivery,Delivered,January,Q1,28.45
ORD101246,2024-07-20,Meera Iyer,Punjab,Amritsar,Sports,Football,2,2235.24,10,4023.43,1055.45,Debit Card,Shipped,July,Q3,26.23
ORD101247,2024-10-01,Rohan Verma,Kerala,Kochi,Electronics,Smartphone,2,36318.17,15,61740.89,8528.34,UPI,Delivered,October,Q4,13.81
ORD101248,2024-02-13,Divya Sahu,Gujarat,Vadodara,Electronics,Tablet,1,30374.25,10,27336.82,3678.36,Debit Card,Delivered,February,Q1,13.46
ORD101249,2024-11-03,Divya Sahu,Karnataka,Mysuru,Electronics,Laptop,3,50616.99,5,144258.42,20101.83,UPI,Delivered,November,Q4,13.93
ORD101250,2024-06-18,Isha Joshi,West Bengal,Kolkata,Clothing,Kurta,3,2174.57,15,5545.15,1656.47,Debit Card,Delivered,June,Q2,29.87
ORD101251,2024-10-18,Aditya Rao,Karnataka,Bengaluru,Clothing,Kurta,3,1457.33,0,4371.99,1244.08,UPI,Delivered,October,Q4,28.46
ORD101252,2024-01-28,Kavya Nair,Delhi,Delhi,Electronics,Tablet,1,16801.42,5,15961.35,2076.27,Debit Card,Delivered,January,Q1,13.01
ORD101253,2024-07-13,Kavya Nair,Rajasthan,Jaipur,Clothing,T-Shirt,2,653.49,0,1306.98,335.71,Net Banking,Delivered,July,Q3,25.69
ORD101254,2024-11-05,Sneha Reddy,Punjab,Ludhiana,Electronics,Laptop,4,64039.45,5,243349.91,33859.56,Credit Card,Delivered,November,Q4,13.91
ORD101255,2024-01-24,Rahul Kumar,Delhi,Delhi,Electronics,Smart Watch,2,3283.31,15,5581.63,731.98,Cash on Delivery,Delivered,January,Q1,13.11
ORD101256,2024-03-17,Manish Jain,Telangana,Warangal,Clothing,Jacket,2,4984.17,10,8971.51,2761.82,Cash on Delivery,Returned,March,Q1,30.78
ORD101257,2024-11-06,Rohan Verma,Tamil Nadu,Chennai,Clothing,T-Shirt,2,1214.51,10,2186.12,634.38,Debit Card,Delivered,November,Q4,29.02
ORD101258,2024-09-10,Kavya Nair,Maharashtra,Pune,Sports,Cricket Bat,2,5298.9,5,10067.91,2870.46,Debit Card,Delivered,September,Q3,28.51
ORD101259,2024-05-20,Aarav Sharma,West Bengal,Durgapur,Electronics,Smartphone,3,54787.27,5,156143.72,21654.14,UPI,Delivered,May,Q2,13.87
ORD101260,2024-11-19,Neha Gupta,Telangana,Warangal,Electronics,Smart Watch,1,9130.78,10,8217.7,965.83,Cash on Delivery,Delivered,November,Q4,11.75
ORD101261,2024-07-02,Kavya Nair,Maharashtra,Nagpur,Electronics,Laptop,3,63213.82,0,189641.46,26319.38,UPI,Delivered,July,Q3,13.88
ORD101262,2024-07-21,Sanjay Mehta,Gujarat,Surat,Clothing,Jacket,1,3916.54,5,3720.71,1041.45,Debit Card,Delivered,July,Q3,27.99
ORD101263,2024-11-13,Aditya Rao,Delhi,Delhi,Beauty,Makeup Kit,2,3096.34,10,5573.41,1914.87,Net Banking,Delivered,November,Q4,34.36
ORD101264,2024-07-21,Aditya Rao,Maharashtra,Pune,Sports,Fitness Band,3,4396.55,10,11870.68,3450.5,Net Banking,Delivered,July,Q3,29.07
ORD101265,2024-04-22,Swati Kapoor,Telangana,Hyderabad,Clothing,T-Shirt,2,1589.97,20,2543.95,758.85,Debit Card,Delivered,April,Q2,29.83
ORD101266,2024-02-10,Meera Iyer,Gujarat,Ahmedabad,Clothing,Kurta,3,2144.59,10,5790.39,1624.92,UPI,Delivered,February,Q1,28.06
ORD101267,2024-01-10,Pooja Mishra,Punjab,Ludhiana,Clothing,Kurta,1,1420.99,15,1207.84,191.35,Debit Card,Delivered,January,Q1,15.84
ORD101268,2024-10-24,Ananya Singh,Odisha,Bhubaneswar,Clothing,Kurta,1,1338.51,5,1271.58,315.33,Cash on Delivery,Delivered,October,Q4,24.8
ORD101269,2024-02-15,Manish Jain,Madhya Pradesh,Indore,Home & Kitchen,Mixer Grinder,2,3078.07,20,4924.91,1039.15,UPI,Delivered,February,Q1,21.1
ORD101270,2024-08-22,Kiran Yadav,Delhi,Delhi,Clothing,Jacket,1,2264.0,5,2150.8,551.5,UPI,Returned,August,Q3,25.64
ORD101271,2024-07-18,Ananya Singh,Andhra Pradesh,Visakhapatnam,Electronics,Smart Watch,1,1992.43,0,1992.43,216.07,Debit Card,Delivered,July,Q3,10.84
ORD101272,2024-02-01,Aditya Rao,Madhya Pradesh,Indore,Electronics,Headphones,2,954.37,10,1717.87,-6.38,Credit Card,Delivered,February,Q1,-0.37
ORD101273,2024-04-30,Swati Kapoor,Karnataka,Mangaluru,Home & Kitchen,Bedsheet,2,1625.06,0,3250.12,617.69,UPI,Delivered,April,Q2,19.01
ORD101274,2024-08-05,Isha Joshi,Tamil Nadu,Coimbatore,Beauty,Makeup Kit,1,1975.36,10,1777.82,535.53,Net Banking,Shipped,August,Q3,30.12
ORD101275,2024-11-05,Isha Joshi,Telangana,Hyderabad,Sports,Football,1,685.69,10,617.12,9.2,Cash on Delivery,Delivered,November,Q4,1.49
ORD101276,2024-11-13,Akash Roy,Rajasthan,Udaipur,Sports,Running Shoes,2,1610.19,5,3059.36,792.1,UPI,Delivered,November,Q4,25.89
ORD101277,2024-10-24,Rahul Kumar,Karnataka,Mangaluru,Clothing,Jeans,1,2372.62,5,2253.99,546.31,Cash on Delivery,Delivered,October,Q4,24.24
ORD101278,2024-05-01,Sanjay Mehta,Gujarat,Vadodara,Electronics,Laptop,4,84935.71,10,305768.56,42637.66,UPI,Delivered,May,Q2,13.94
ORD101279,2024-07-13,Sanjay Mehta,Andhra Pradesh,Vijayawada,Sports,Fitness Band,1,1990.84,0,1990.84,506.32,Debit Card,Delivered,July,Q3,25.43
ORD101280,2024-04-30,Swati Kapoor,Gujarat,Ahmedabad,Clothing,Jeans,1,2634.12,5,2502.41,581.17,Debit Card,Delivered,April,Q2,23.22
ORD101281,2024-01-24,Meera Iyer,Tamil Nadu,Coimbatore,Beauty,Skin Care Kit,2,1420.75,10,2557.35,725.39,UPI,Cancelled,January,Q1,28.36
ORD101282,2024-10-05,Ananya Singh,Andhra Pradesh,Visakhapatnam,Home & Kitchen,Storage Box,1,944.65,0,944.65,83.19,Credit Card,Delivered,October,Q4,8.81
ORD101283,2024-11-15,Ananya Singh,Kerala,Kochi,Beauty,Skin Care Kit,1,1150.0,0,1150.0,291.86,Credit Card,Cancelled,November,Q4,25.38
ORD101284,2024-01-12,Kiran Yadav,Maharashtra,Nagpur,Clothing,T-Shirt,2,1713.24,5,3255.16,895.45,Credit Card,Delivered,January,Q1,27.51
ORD101285,2024-10-08,Isha Joshi,Tamil Nadu,Madurai,Clothing,Saree,4,3200.27,15,10880.92,3255.91,Credit Card,Returned,October,Q4,29.92
ORD101286,2024-09-25,Neha Gupta,Kerala,Kochi,Electronics,Tablet,2,26080.36,10,46944.65,6390.74,Credit Card,Delivered,September,Q3,13.61
ORD101287,2024-08-19,Kiran Yadav,Madhya Pradesh,Indore,Home & Kitchen,Bedsheet,1,1329.52,5,1263.04,130.28,UPI,Delivered,August,Q3,10.31
ORD101288,2024-05-12,Sneha Reddy,Tamil Nadu,Chennai,Clothing,T-Shirt,1,943.24,5,896.08,89.85,Credit Card,Delivered,May,Q2,10.03
ORD101289,2024-07-25,Divya Sahu,Maharashtra,Nagpur,Clothing,Jeans,2,2979.33,15,5064.86,1463.64,Cash on Delivery,Delivered,July,Q3,28.9
ORD101290,2024-01-17,Divya Sahu,Andhra Pradesh,Vijayawada,Clothing,Saree,1,2893.86,0,2893.86,891.15,Debit Card,Delivered,January,Q1,30.79
ORD101291,2024-06-04,Priya Das,Uttar Pradesh,Lucknow,Clothing,Kurta,2,2070.67,5,3934.27,1149.96,Credit Card,Delivered,June,Q2,29.23
ORD101292,2024-09-02,Akash Roy,Gujarat,Surat,Beauty,Perfume,3,3390.19,10,9153.51,3341.2,UPI,Delivered,September,Q3,36.5
ORD101293,2024-05-07,Rahul Kumar,Punjab,Ludhiana,Electronics,Smartphone,1,31153.65,0,31153.65,4248.52,Cash on Delivery,Shipped,May,Q2,13.64
ORD101294,2024-02-13,Sneha Reddy,Tamil Nadu,Madurai,Clothing,Kurta,1,828.75,10,745.88,65.31,Net Banking,Delivered,February,Q1,8.76
ORD101295,2024-01-28,Priya Das,Uttar Pradesh,Agra,Electronics,Smart Watch,3,9170.7,10,24760.89,3417.96,Net Banking,Returned,January,Q1,13.8
ORD101296,2024-11-27,Sanjay Mehta,Delhi,Delhi,Electronics,Laptop,4,75256.33,15,255871.52,35610.85,UPI,Delivered,November,Q4,13.92
ORD101297,2024-11-01,Sneha Reddy,Delhi,Delhi,Electronics,Laptop,3,94048.38,5,268037.88,37419.09,Cash on Delivery,Shipped,November,Q4,13.96
ORD101298,2024-02-25,Arjun Patel,Odisha,Cuttack,Sports,Cricket Bat,1,3801.44,10,3421.3,976.19,Net Banking,Cancelled,February,Q1,28.53
ORD101299,2024-12-06,Isha Joshi,Gujarat,Surat,Home & Kitchen,Mixer Grinder,2,2047.48,5,3890.21,816.89,UPI,Delivered,December,Q4,21.0
ORD101300,2024-02-20,Vikram Shah,West Bengal,Durgapur,Clothing,T-Shirt,2,717.48,15,1219.72,279.25,Debit Card,Delivered,February,Q1,22.89
ORD101301,2024-12-03,Isha Joshi,West Bengal,Durgapur,Beauty,Perfume,1,1218.58,20,974.86,186.1,UPI,Delivered,December,Q4,19.09
ORD101302,2024-12-08,Aarav Sharma,Tamil Nadu,Chennai,Clothing,T-Shirt,1,637.6,0,637.6,-25.01,Cash on Delivery,Returned,December,Q4,-3.92
ORD101303,2024-04-11,Manish Jain,Uttar Pradesh,Kanpur,Home & Kitchen,Bedsheet,1,1062.56,0,1062.56,109.14,Credit Card,Delivered,April,Q2,10.27
ORD101304,2024-09-24,Neha Gupta,Karnataka,Bengaluru,Electronics,Tablet,1,33930.57,5,32234.04,4289.04,UPI,Delivered,September,Q3,13.31
ORD101305,2024-11-22,Rohan Verma,Andhra Pradesh,Visakhapatnam,Clothing,Saree,4,2663.98,10,9590.33,2980.32,Cash on Delivery,Delivered,November,Q4,31.08
ORD101306,2024-07-14,Swati Kapoor,Delhi,Delhi,Clothing,Saree,3,6990.16,10,18873.43,6014.45,Net Banking,Cancelled,July,Q3,31.87
ORD101307,2024-02-29,Ananya Singh,Gujarat,Surat,Electronics,Tablet,2,34089.96,0,68179.92,9420.75,Credit Card,Delivered,February,Q1,13.82
ORD101308,2024-01-29,Meera Iyer,Telangana,Hyderabad,Clothing,Saree,2,2036.15,0,4072.3,1154.34,Debit Card,Returned,January,Q1,28.35
ORD101309,2024-11-24,Arjun Patel,Telangana,Hyderabad,Beauty,Face Wash,2,326.17,10,587.11,88.85,Cash on Delivery,Delivered,November,Q4,15.13
ORD101310,2024-01-09,Akash Roy,Andhra Pradesh,Visakhapatnam,Sports,Cricket Bat,1,2444.85,15,2078.12,461.87,UPI,Delivered,January,Q1,22.23
ORD101311,2024-04-21,Kiran Yadav,Telangana,Hyderabad,Home & Kitchen,Cookware Set,1,4405.94,5,4185.64,1002.72,Credit Card,Delivered,April,Q2,23.96
ORD101312,2024-06-25,Arjun Patel,Uttar Pradesh,Agra,Clothing,Saree,4,3308.63,5,12572.79,3858.05,UPI,Returned,June,Q2,30.69
ORD101313,2024-12-08,Aditya Rao,Tamil Nadu,Madurai,Home & Kitchen,Bedsheet,1,1952.62,10,1757.36,303.22,Cash on Delivery,Delivered,December,Q4,17.25
ORD101314,2024-05-25,Divya Sahu,Uttar Pradesh,Kanpur,Clothing,Saree,1,3004.06,5,2853.86,844.59,Credit Card,Shipped,May,Q2,29.59
ORD101315,2024-10-28,Isha Joshi,Maharashtra,Mumbai,Home & Kitchen,Storage Box,2,563.91,10,1015.04,148.08,UPI,Delivered,October,Q4,14.59
ORD101316,2024-06-06,Ananya Singh,Maharashtra,Mumbai,Clothing,Kurta,1,1275.47,10,1147.92,304.56,Cash on Delivery,Shipped,June,Q2,26.53
ORD101317,2024-08-03,Vikram Shah,West Bengal,Kolkata,Electronics,Tablet,4,33801.99,0,135207.96,18835.78,Net Banking,Delivered,August,Q3,13.93
ORD101318,2024-06-15,Kiran Yadav,Maharashtra,Pune,Electronics,Smartphone,1,25682.89,10,23114.6,3140.58,Cash on Delivery,Delivered,June,Q2,13.59
ORD101319,2024-05-14,Sanjay Mehta,Maharashtra,Nagpur,Sports,Football,1,2455.45,10,2209.9,623.05,Debit Card,Delivered,May,Q2,28.19
ORD101320,2024-10-16,Rahul Kumar,Gujarat,Surat,Beauty,Hair Dryer,1,1524.69,15,1295.99,366.25,Credit Card,Shipped,October,Q4,28.26
ORD101321,2024-11-10,Manish Jain,Haryana,Faridabad,Electronics,Laptop,4,51861.68,5,197074.38,27407.31,UPI,Delivered,November,Q4,13.91
ORD101322,2024-10-16,Rahul Kumar,Tamil Nadu,Chennai,Home & Kitchen,Cookware Set,4,1676.02,15,5698.47,1239.68,Credit Card,Cancelled,October,Q4,21.75
ORD101323,2024-06-24,Rahul Kumar,Andhra Pradesh,Visakhapatnam,Sports,Yoga Mat,1,1677.09,15,1425.53,338.2,Credit Card,Delivered,June,Q2,23.72
ORD101324,2024-01-29,Meera Iyer,Uttar Pradesh,Agra,Electronics,Laptop,1,50539.91,5,48012.91,6483.11,Cash on Delivery,Delivered,January,Q1,13.5
ORD101325,2024-08-02,Aditya Rao,Delhi,Delhi,Home & Kitchen,Cookware Set,3,3063.75,5,8731.69,2045.19,UPI,Shipped,August,Q3,23.42
ORD101326,2024-08-29,Rohan Verma,Haryana,Gurugram,Clothing,Kurta,1,2612.53,5,2481.9,767.74,Net Banking,Returned,August,Q3,30.93
ORD101327,2024-07-31,Aditya Rao,Delhi,Delhi,Electronics,Laptop,1,42500.82,0,42500.82,5897.97,Credit Card,Returned,July,Q3,13.88
ORD101328,2024-05-02,Kavya Nair,Andhra Pradesh,Vijayawada,Electronics,Laptop,1,66457.16,15,56488.59,7715.21,Cash on Delivery,Shipped,May,Q2,13.66
ORD101329,2024-12-28,Sanjay Mehta,Rajasthan,Jaipur,Electronics,Headphones,1,5249.91,5,4987.41,547.33,Credit Card,Delivered,December,Q4,10.97
ORD101330,2024-01-08,Arjun Patel,Maharashtra,Mumbai,Sports,Running Shoes,3,5197.24,10,14032.55,4157.69,Credit Card,Delivered,January,Q1,29.63
ORD101331,2024-12-19,Meera Iyer,Madhya Pradesh,Bhopal,Home & Kitchen,Mixer Grinder,3,2761.74,10,7456.7,1860.56,Debit Card,Delivered,December,Q4,24.95
ORD101332,2024-08-08,Kavya Nair,Rajasthan,Jaipur,Clothing,Jeans,4,3404.1,5,12935.58,4096.91,Credit Card,Delivered,August,Q3,31.67
ORD101333,2024-03-09,Sneha Reddy,Uttar Pradesh,Lucknow,Electronics,Laptop,3,48849.07,10,131892.49,18399.38,UPI,Delivered,March,Q1,13.95
ORD101334,2024-10-30,Arjun Patel,Kerala,Thiruvananthapuram,Clothing,Jacket,3,3510.75,0,10532.25,3293.63,UPI,Delivered,October,Q4,31.27
ORD101335,2024-08-22,Priya Das,Maharashtra,Nagpur,Home & Kitchen,Cookware Set,1,3671.23,0,3671.23,709.05,Debit Card,Delivered,August,Q3,19.31
ORD101336,2024-10-14,Rohan Verma,Delhi,Delhi,Beauty,Perfume,1,1821.87,0,1821.87,605.59,UPI,Cancelled,October,Q4,33.24
ORD101337,2024-05-05,Aditya Rao,Delhi,Delhi,Clothing,T-Shirt,4,1590.99,15,5409.37,1487.72,Cash on Delivery,Returned,May,Q2,27.5
ORD101338,2024-07-14,Kiran Yadav,Madhya Pradesh,Indore,Home & Kitchen,Cookware Set,1,3124.69,10,2812.22,496.47,UPI,Shipped,July,Q3,17.65
ORD101339,2024-08-21,Kiran Yadav,Punjab,Amritsar,Home & Kitchen,Cookware Set,1,1976.22,5,1877.41,296.97,Cash on Delivery,Delivered,August,Q3,15.82
ORD101340,2024-03-23,Rohan Verma,Telangana,Hyderabad,Beauty,Skin Care Kit,2,1810.9,5,3440.71,1187.58,Net Banking,Delivered,March,Q1,34.52
ORD101341,2024-03-08,Arjun Patel,Tamil Nadu,Coimbatore,Home & Kitchen,Storage Box,2,392.98,5,746.66,112.59,UPI,Delivered,March,Q1,15.08
ORD101342,2024-05-06,Sanjay Mehta,Gujarat,Ahmedabad,Clothing,Saree,1,6480.74,0,6480.74,1903.88,Credit Card,Shipped,May,Q2,29.38
ORD101343,2024-01-11,Rohan Verma,Uttar Pradesh,Agra,Sports,Fitness Band,1,4646.95,10,4182.26,1157.2,UPI,Delivered,January,Q1,27.67
ORD101344,2024-04-22,Rahul Kumar,Haryana,Faridabad,Electronics,Tablet,1,16186.61,5,15377.28,1998.15,Credit Card,Delivered,April,Q2,12.99
ORD101345,2024-11-10,Isha Joshi,West Bengal,Durgapur,Clothing,T-Shirt,3,508.52,5,1449.28,311.66,Cash on Delivery,Delivered,November,Q4,21.5
ORD101346,2026-02-07,Swati Kapoor,Uttar Pradesh,Lucknow,Clothing,Jeans,1,1297.3,15,1102.7,148.32,UPI,Cancelled,February,Q1,13.45
ORD101347,2024-10-03,Manish Jain,West Bengal,Kolkata,Electronics,Smartphone,2,28529.58,10,51353.24,7123.55,UPI,Delivered,October,Q4,13.87
ORD101348,2024-12-26,Aarav Sharma,Karnataka,Mangaluru,Beauty,Skin Care Kit,1,3195.76,10,2876.18,870.43,Cash on Delivery,Returned,December,Q4,30.26
ORD101349,2020-05-25,Swati Kapoor,Karnataka,Bengaluru,Electronics,Laptop,1,71439.48,15,60723.56,8405.35,UPI,Delivered,May,Q2,13.84
ORD101350,2024-12-18,Arjun Patel,Uttar Pradesh,Lucknow,Beauty,Perfume,1,1701.99,5,1616.89,411.69,Credit Card,Delivered,December,Q4,25.46
ORD101351,2024-03-18,Sanjay Mehta,Haryana,Faridabad,Clothing,Saree,1,4007.47,10,3606.72,909.99,Debit Card,Cancelled,March,Q1,25.23
ORD101352,2024-05-28,Vikram Shah,Madhya Pradesh,Bhopal,Electronics,Laptop,3,81979.08,0,245937.24,34344.66,Debit Card,Delivered,May,Q2,13.96
ORD101353,2024-10-25,Meera Iyer,West Bengal,Durgapur,Electronics,Smartphone,2,13904.59,5,26418.72,3664.06,Net Banking,Delivered,October,Q4,13.87
ORD101354,2024-10-04,Manish Jain,Uttar Pradesh,Agra,Clothing,Saree,1,5429.57,10,4886.61,1493.97,Credit Card,Delivered,October,Q4,30.57
ORD101355,2024-05-13,Priya Das,Tamil Nadu,Chennai,Clothing,Jeans,3,1207.42,5,3441.15,1067.24,Debit Card,Delivered,May,Q2,31.01
ORD101356,2024-10-13,Akash Roy,Rajasthan,Udaipur,Electronics,Smartphone,3,33986.96,10,91764.79,12813.25,Net Banking,Delivered,October,Q4,13.96
ORD101357,2024-03-03,Swati Kapoor,Odisha,Cuttack,Electronics,Smart Watch,1,4861.31,15,4132.11,418.92,Cash on Delivery,Delivered,March,Q1,10.14
ORD101358,2024-02-25,Neha Gupta,Maharashtra,Pune,Home & Kitchen,Cookware Set,1,3086.18,15,2623.25,658.92,Credit Card,Delivered,February,Q1,25.12
ORD101359,2024-02-24,Swati Kapoor,Maharashtra,Nagpur,Beauty,Face Wash,4,852.59,0,3410.36,1122.07,Cash on Delivery,Delivered,February,Q1,32.9
ORD101360,2024-04-05,Rohan Verma,West Bengal,Durgapur,Beauty,Skin Care Kit,4,2273.31,15,7729.25,2786.22,Cash on Delivery,Cancelled,April,Q2,36.05
ORD101361,2024-12-16,Manish Jain,Maharashtra,Pune,Clothing,Kurta,2,906.34,5,1722.05,355.24,Debit Card,Delivered,December,Q4,20.63
ORD101362,2024-11-06,Divya Sahu,Gujarat,Surat,Beauty,Skin Care Kit,1,1694.94,10,1525.45,345.54,Cash on Delivery,Delivered,November,Q4,22.65
ORD101363,2024-07-02,Manish Jain,Haryana,Faridabad,Sports,Running Shoes,1,3638.37,0,3638.37,941.53,Debit Card,Shipped,July,Q3,25.88
ORD101364,2024-08-17,Aditya Rao,Delhi,Delhi,Beauty,Perfume,4,3509.43,10,12633.95,4535.48,UPI,Delivered,August,Q3,35.9
ORD101365,2024-05-22,Neha Gupta,Gujarat,Ahmedabad,Sports,Cricket Bat,2,11746.88,5,22319.07,6558.47,UPI,Shipped,May,Q2,29.39
ORD101366,2024-02-27,Neha Gupta,Andhra Pradesh,Visakhapatnam,Electronics,Smart Watch,1,1922.57,5,1826.44,117.66,Credit Card,Cancelled,February,Q1,6.44
ORD101367,2024-02-18,Meera Iyer,Kerala,Thiruvananthapuram,Electronics,Smart Watch,2,4414.16,0,8828.32,1190.37,Cash on Delivery,Delivered,February,Q1,13.48
ORD101368,2024-11-22,Aarav Sharma,Tamil Nadu,Madurai,Sports,Running Shoes,1,3472.43,5,3298.81,854.61,Credit Card,Delivered,November,Q4,25.91
ORD101369,2024-03-28,Ananya Singh,Karnataka,Mangaluru,Clothing,Kurta,1,2535.24,5,2408.48,532.23,UPI,Delivered,March,Q1,22.1
ORD101370,2024-09-13,Isha Joshi,Madhya Pradesh,Indore,Electronics,Smartphone,1,54052.97,5,51350.32,6992.4,UPI,Delivered,September,Q3,13.62
ORD101371,2024-05-09,Kiran Yadav,Maharashtra,Pune,Clothing,Kurta,1,1852.84,0,1852.84,474.47,UPI,Delivered,May,Q2,25.61
ORD101372,2024-09-23,Swati Kapoor,Uttar Pradesh,Agra,Electronics,Laptop,4,88124.44,5,334872.87,46771.32,Debit Card,Delivered,September,Q3,13.97
ORD101373,2024-05-24,Meera Iyer,Punjab,Ludhiana,Beauty,Makeup Kit,3,1104.35,20,2650.44,875.53,Cash on Delivery,Cancelled,May,Q2,33.03
ORD101374,2024-11-29,Sneha Reddy,Andhra Pradesh,Visakhapatnam,Electronics,Laptop,2,43285.02,10,77913.04,10786.42,Cash on Delivery,Shipped,November,Q4,13.84
ORD101375,2024-10-16,Priya Das,Haryana,Faridabad,Clothing,Saree,1,6899.04,15,5864.18,1629.57,UPI,Delivered,October,Q4,27.79
ORD101376,2024-12-04,Aditya Rao,Karnataka,Mangaluru,Beauty,Perfume,1,1033.69,5,982.01,209.49,Credit Card,Delivered,December,Q4,21.33
ORD101377,2024-06-08,Arjun Patel,Kerala,Thiruvananthapuram,Clothing,Jeans,1,1096.68,5,1041.85,139.34,Cash on Delivery,Delivered,June,Q2,13.37
ORD101378,2024-10-01,Kavya Nair,Rajasthan,Udaipur,Electronics,Laptop,1,84502.33,15,71826.98,9931.22,Credit Card,Delivered,October,Q4,13.83
ORD101379,2024-02-01,Meera Iyer,Tamil Nadu,Madurai,Clothing,T-Shirt,1,1694.82,10,1525.34,383.93,UPI,Delivered,February,Q1,25.17
ORD101380,2024-03-02,Manish Jain,Maharashtra,Nagpur,Beauty,Makeup Kit,2,2390.74,20,3825.18,1339.53,Debit Card,Delivered,March,Q1,35.02
ORD101381,2024-02-10,Swati Kapoor,Gujarat,Surat,Electronics,Headphones,1,1091.6,0,1091.6,-23.59,Credit Card,Delivered,February,Q1,-2.16
ORD101382,2024-01-15,Sanjay Mehta,West Bengal,Kolkata,Home & Kitchen,Bedsheet,2,1635.12,10,2943.22,522.31,UPI,Returned,January,Q1,17.75
ORD101383,2024-06-30,Rohan Verma,Uttar Pradesh,Kanpur,Clothing,Jacket,2,1539.9,0,3079.8,839.82,UPI,Returned,June,Q2,27.27
ORD101384,2024-09-25,Priya Das,Maharashtra,Nagpur,Home & Kitchen,Mixer Grinder,1,3461.68,10,3115.51,639.33,Credit Card,Delivered,September,Q3,20.52
ORD101385,2024-03-05,Sneha Reddy,Karnataka,Mysuru,Clothing,Jacket,1,5934.55,10,5341.1,1563.97,Net Banking,Cancelled,March,Q1,29.28
ORD101386,2024-04-07,Aditya Rao,Karnataka,Mangaluru,Clothing,Jacket,2,3349.24,0,6698.48,1953.24,Cash on Delivery,Returned,April,Q2,29.16
ORD101387,2024-08-21,Sneha Reddy,Tamil Nadu,Chennai,Sports,Fitness Band,2,4407.53,15,7492.8,2093.27,UPI,Cancelled,August,Q3,27.94
ORD101388,2024-06-28,Rahul Kumar,Uttar Pradesh,Agra,Clothing,Jeans,2,2993.72,5,5688.07,1751.23,UPI,Delivered,June,Q2,30.79
ORD101389,2024-01-19,Aditya Rao,Haryana,Gurugram,Electronics,Smartphone,2,16527.59,5,31402.42,4176.23,Debit Card,Delivered,January,Q1,13.3
ORD101390,2024-09-01,Kavya Nair,Telangana,Hyderabad,Beauty,Hair Dryer,4,1799.61,5,6838.52,2506.81,UPI,Delivered,September,Q3,36.66
ORD101391,2024-07-12,Priya Das,Odisha,Bhubaneswar,Clothing,Kurta,4,2977.2,15,10122.48,3045.05,UPI,Delivered,July,Q3,30.08
ORD101392,2024-06-29,Sanjay Mehta,Karnataka,Bengaluru,Electronics,Tablet,2,42841.8,15,72831.06,9959.71,Cash on Delivery,Delivered,June,Q2,13.68
ORD101393,2024-04-06,Vikram Shah,Telangana,Hyderabad,Home & Kitchen,Air Fryer,1,8871.33,10,7984.2,1954.61,UPI,Delivered,April,Q2,24.48
ORD101394,2024-05-13,Ananya Singh,Karnataka,Mysuru,Electronics,Tablet,2,21719.97,5,41267.94,5619.93,UPI,Delivered,May,Q2,13.62
ORD101395,2024-09-22,Pooja Mishra,Telangana,Hyderabad,Home & Kitchen,Bedsheet,1,1676.67,5,1592.84,365.06,Cash on Delivery,Shipped,September,Q3,22.92
ORD101396,2024-07-28,Neha Gupta,Delhi,Delhi,Clothing,T-Shirt,1,1041.77,15,885.5,125.03,Credit Card,Delivered,July,Q3,14.12
ORD101397,2024-05-06,Kavya Nair,Rajasthan,Jaipur,Beauty,Face Wash,2,328.69,15,558.77,25.89,Credit Card,Delivered,May,Q2,4.63
ORD101398,2024-01-17,Akash Roy,Karnataka,Bengaluru,Electronics,Laptop,3,45774.87,0,137324.61,19099.06,Credit Card,Shipped,January,Q1,13.91
ORD101399,2024-01-08,Swati Kapoor,Haryana,Faridabad,Beauty,Skin Care Kit,1,3073.41,20,2458.73,701.33,Credit Card,Delivered,January,Q1,28.52
ORD101400,2024-02-17,Sneha Reddy,Punjab,Amritsar,Clothing,Kurta,1,1395.35,0,1395.35,364.01,Cash on Delivery,Shipped,February,Q1,26.09
ORD101401,2024-05-19,Sanjay Mehta,Haryana,Gurugram,Home & Kitchen,Cookware Set,1,4396.97,15,3737.42,901.21,Credit Card,Delivered,May,Q2,24.11
ORD101402,2024-11-10,Kavya Nair,Kerala,Thiruvananthapuram,Clothing,Kurta,4,1496.72,0,5986.88,1793.74,UPI,Delivered,November,Q4,29.96
ORD101403,2024-12-31,Vikram Shah,West Bengal,Kolkata,Beauty,Hair Dryer,2,2634.42,5,5005.4,1714.02,UPI,Cancelled,December,Q4,34.24
ORD101404,2024-12-11,Sanjay Mehta,Tamil Nadu,Chennai,Clothing,Jeans,1,1596.83,10,1437.15,258.88,UPI,Cancelled,December,Q4,18.01
ORD101405,2024-11-14,Neha Gupta,Andhra Pradesh,Vijayawada,Electronics,Smartphone,4,27957.8,15,95056.52,13121.59,UPI,Delivered,November,Q4,13.8
ORD101406,2024-12-21,Sneha Reddy,Uttar Pradesh,Kanpur,Clothing,Kurta,2,1459.5,10,2627.1,727.55,UPI,Delivered,December,Q4,27.69
ORD101407,2024-07-12,Swati Kapoor,Andhra Pradesh,Visakhapatnam,Clothing,Saree,2,2413.28,15,4102.58,1253.55,UPI,Delivered,July,Q3,30.56
ORD101408,2024-06-19,Priya Das,Delhi,Delhi,Beauty,Skin Care Kit,1,817.46,10,735.71,226.86,Cash on Delivery,Delivered,June,Q2,30.84
ORD101409,2024-03-11,Rohan Verma,Haryana,Faridabad,Sports,Running Shoes,2,3656.77,10,6582.19,1910.33,UPI,Delivered,March,Q1,29.02
ORD101410,2024-10-26,Rahul Kumar,Karnataka,Mysuru,Clothing,T-Shirt,2,1203.13,10,2165.63,583.69,UPI,Delivered,October,Q4,26.95
ORD101411,2024-04-07,Arjun Patel,Haryana,Gurugram,Electronics,Headphones,1,4636.34,10,4172.71,533.29,Net Banking,Cancelled,April,Q2,12.78
ORD101412,2024-04-03,Divya Sahu,West Bengal,Durgapur,Clothing,Jeans,2,1552.89,5,2950.49,763.49,UPI,Delivered,April,Q2,25.88
ORD101413,2024-12-23,Isha Joshi,Haryana,Faridabad,Sports,Cricket Bat,4,8605.74,5,32701.81,9606.49,Credit Card,Delivered,December,Q4,29.38
ORD101414,2024-03-04,Kavya Nair,Delhi,Delhi,Clothing,Jacket,2,5663.61,0,11327.22,3504.95,Credit Card,Delivered,March,Q1,30.94
ORD101415,2024-12-22,Sanjay Mehta,Gujarat,Ahmedabad,Electronics,Smartphone,1,49522.32,10,44570.09,6042.28,Credit Card,Delivered,December,Q4,13.56
ORD101416,2024-07-12,Isha Joshi,Gujarat,Ahmedabad,Electronics,Headphones,2,3717.31,20,5947.7,695.94,Credit Card,Delivered,July,Q3,11.7
ORD101417,2024-11-10,Swati Kapoor,Tamil Nadu,Chennai,Beauty,Skin Care Kit,2,1847.75,15,3141.18,972.37,UPI,Delivered,November,Q4,30.96
ORD101418,2024-10-25,Arjun Patel,Andhra Pradesh,Visakhapatnam,Sports,Fitness Band,1,4518.25,5,4292.34,1050.82,Cash on Delivery,Delivered,October,Q4,24.48
ORD101419,2024-03-27,Arjun Patel,Telangana,Hyderabad,Clothing,Saree,1,5108.26,10,4597.43,1399.35,Net Banking,Delivered,March,Q1,30.44
ORD101420,2024-08-03,Swati Kapoor,Kerala,Kochi,Beauty,Hair Dryer,2,1085.06,0,2170.12,640.74,UPI,Delivered,August,Q3,29.53
ORD101421,2024-06-04,Priya Das,Maharashtra,Nagpur,Clothing,Jeans,2,3489.81,10,6281.66,1887.39,Credit Card,Delivered,June,Q2,30.05
ORD101422,2024-03-13,Arjun Patel,Telangana,Warangal,Beauty,Makeup Kit,2,1547.34,5,2939.95,956.87,Credit Card,Cancelled,March,Q1,32.55
ORD101423,2024-01-03,Kiran Yadav,Punjab,Ludhiana,Clothing,Saree,3,5269.28,10,14227.06,4318.6,Debit Card,Delivered,January,Q1,30.35
ORD101424,2024-02-17,Vikram Shah,Telangana,Warangal,Electronics,Tablet,3,37935.98,15,96736.75,13450.57,UPI,Delivered,February,Q1,13.9
ORD101425,2024-07-27,Rahul Kumar,Madhya Pradesh,Bhopal,Home & Kitchen,Mixer Grinder,1,5995.58,15,5096.24,1189.09,Debit Card,Delivered,July,Q3,23.33
ORD101426,2024-02-24,Kavya Nair,Delhi,Delhi,Clothing,Jacket,1,4605.95,5,4375.65,1167.78,Debit Card,Delivered,February,Q1,26.69
ORD101427,2024-04-06,Priya Das,Uttar Pradesh,Kanpur,Clothing,Kurta,1,2732.64,15,2322.74,628.24,UPI,Delivered,April,Q2,27.05
ORD101428,2024-12-17,Akash Roy,Maharashtra,Nagpur,Clothing,Jeans,2,2037.14,15,3463.14,876.48,Debit Card,Delivered,December,Q4,25.31
ORD101429,2024-11-06,Kavya Nair,Karnataka,Mysuru,Clothing,Jacket,3,1534.79,5,4374.15,1363.82,Credit Card,Delivered,November,Q4,31.18
ORD101430,2024-10-11,Ananya Singh,Maharashtra,Pune,Clothing,Saree,2,2808.54,0,5617.08,1718.23,Credit Card,Delivered,October,Q4,30.59
ORD101431,2024-03-18,Priya Das,Kerala,Kochi,Beauty,Hair Dryer,2,2813.74,10,5064.73,1718.51,Credit Card,Delivered,March,Q1,33.93
ORD101432,2024-07-13,Divya Sahu,Tamil Nadu,Coimbatore,Electronics,Smart Watch,3,6043.4,10,16317.18,2055.34,Credit Card,Cancelled,July,Q3,12.6
ORD101433,2024-03-04,Aarav Sharma,Kerala,Kochi,Home & Kitchen,Air Fryer,4,5067.22,5,19255.44,4957.8,Credit Card,Delivered,March,Q1,25.75
ORD101434,2024-01-24,Kiran Yadav,Maharashtra,Pune,Home & Kitchen,Storage Box,3,802.19,0,2406.57,425.41,UPI,Delivered,January,Q1,17.68
ORD101435,2024-07-15,Arjun Patel,Odisha,Bhubaneswar,Beauty,Hair Dryer,2,1909.82,10,3437.68,1159.52,Net Banking,Delivered,July,Q3,33.73
ORD101436,2024-08-05,Ananya Singh,Uttar Pradesh,Agra,Clothing,Kurta,2,2637.64,20,4220.22,1217.08,UPI,Delivered,August,Q3,28.84
ORD101437,2024-03-16,Aditya Rao,West Bengal,Durgapur,Electronics,Smartphone,4,43867.6,10,157923.36,21966.59,Credit Card,Delivered,March,Q1,13.91
ORD101438,2024-08-06,Sneha Reddy,Kerala,Kochi,Sports,Cricket Bat,1,7625.59,10,6863.03,1984.29,Credit Card,Delivered,August,Q3,28.91
ORD101439,2024-12-12,Akash Roy,Karnataka,Mysuru,Home & Kitchen,Air Fryer,2,9106.38,15,15480.85,3903.41,Debit Card,Delivered,December,Q4,25.21
ORD101440,2024-01-27,Manish Jain,Rajasthan,Jaipur,Electronics,Smartphone,2,37972.77,20,60756.43,8378.13,Cash on Delivery,Shipped,January,Q1,13.79
ORD101441,2024-08-09,Priya Das,Rajasthan,Jaipur,Sports,Fitness Band,1,1725.03,15,1466.28,396.9,Cash on Delivery,Delivered,August,Q3,27.07
ORD101442,2024-06-09,Aditya Rao,Uttar Pradesh,Agra,Sports,Fitness Band,1,4790.09,10,4311.08,1116.25,Cash on Delivery,Delivered,June,Q2,25.89
ORD101443,2024-09-13,Rohan Verma,Delhi,Delhi,Clothing,Kurta,1,2295.08,10,2065.57,476.08,Credit Card,Delivered,September,Q3,23.05
ORD101444,2024-03-07,Rohan Verma,Telangana,Hyderabad,Clothing,Saree,2,5700.0,0,11400.0,3457.15,UPI,Delivered,March,Q1,30.33
ORD101445,2024-03-13,Manish Jain,Tamil Nadu,Chennai,Electronics,Headphones,2,3418.35,5,6494.86,866.28,Debit Card,Delivered,March,Q1,13.34
ORD101446,2024-01-16,Aditya Rao,Telangana,Hyderabad,Sports,Fitness Band,3,3457.69,15,8817.11,2504.85,UPI,Delivered,January,Q1,28.41
ORD101447,2024-01-18,Rahul Kumar,Delhi,Delhi,Home & Kitchen,Air Fryer,2,4274.52,5,8121.59,1964.03,UPI,Delivered,January,Q1,24.18
ORD101448,2024-06-03,Kiran Yadav,Maharashtra,Pune,Clothing,Jacket,1,2115.95,5,2010.15,494.66,Debit Card,Delivered,June,Q2,24.61
ORD101449,2024-07-27,Rahul Kumar,Maharashtra,Mumbai,Electronics,Tablet,2,17900.58,0,35801.16,4895.77,Credit Card,Delivered,July,Q3,13.67
ORD101450,2024-12-23,Vikram Shah,Uttar Pradesh,Kanpur,Electronics,Smart Watch,2,5886.82,15,10007.59,1367.91,Debit Card,Delivered,December,Q4,13.67
ORD101451,2024-05-15,Isha Joshi,Uttar Pradesh,Kanpur,Clothing,T-Shirt,1,1299.05,10,1169.14,156.78,Credit Card,Delivered,May,Q2,13.41
ORD101452,2024-12-29,Kiran Yadav,Punjab,Ludhiana,Clothing,Jacket,4,4479.96,5,17023.85,5365.68,Cash on Delivery,Delivered,December,Q4,31.52
ORD101453,2024-06-18,Manish Jain,Madhya Pradesh,Indore,Electronics,Smartphone,3,42536.1,0,127608.3,17759.25,UPI,Delivered,June,Q2,13.92
ORD101454,2024-05-15,Sanjay Mehta,Delhi,Delhi,Home & Kitchen,Mixer Grinder,1,4998.61,10,4498.75,1050.52,Net Banking,Delivered,May,Q2,23.35
ORD101455,2024-06-12,Priya Das,Telangana,Hyderabad,Electronics,Tablet,1,36285.84,5,34471.55,4672.17,Cash on Delivery,Delivered,June,Q2,13.55
ORD101456,2024-08-07,Akash Roy,Madhya Pradesh,Indore,Beauty,Skin Care Kit,1,2700.09,5,2565.09,808.63,UPI,Delivered,August,Q3,31.52
ORD101457,2024-05-03,Vikram Shah,Uttar Pradesh,Kanpur,Electronics,Laptop,4,40265.36,10,144955.3,20224.5,Credit Card,Returned,May,Q2,13.95
ORD101458,2024-12-24,Vikram Shah,Tamil Nadu,Chennai,Beauty,Perfume,2,4236.06,5,8048.51,2833.07,Debit Card,Delivered,December,Q4,35.2
ORD101459,2024-08-28,Isha Joshi,Karnataka,Mangaluru,Electronics,Smartphone,2,46209.22,5,87797.52,12145.98,UPI,Cancelled,August,Q3,13.83
ORD101460,2024-01-24,Neha Gupta,Gujarat,Surat,Electronics,Smart Watch,2,4274.73,15,7267.04,781.44,Net Banking,Returned,January,Q1,10.75
ORD101461,2024-07-30,Kavya Nair,Maharashtra,Pune,Clothing,Jacket,4,3953.86,5,15024.67,4645.37,Cash on Delivery,Delivered,July,Q3,30.92
ORD101462,2024-03-03,Arjun Patel,Uttar Pradesh,Kanpur,Sports,Fitness Band,1,4569.44,10,4112.5,1104.81,Net Banking,Delivered,March,Q1,26.86
ORD101463,2024-12-19,Ananya Singh,Kerala,Thiruvananthapuram,Sports,Running Shoes,1,2993.43,10,2694.09,742.99,Cash on Delivery,Delivered,December,Q4,27.58
ORD101464,2024-10-07,Neha Gupta,Kerala,Kochi,Sports,Football,4,1783.47,10,6420.49,1755.81,Cash on Delivery,Cancelled,October,Q4,27.35
ORD101465,2024-05-31,Sneha Reddy,Karnataka,Mysuru,Home & Kitchen,Air Fryer,3,8668.53,0,26005.59,6601.54,Credit Card,Delivered,May,Q2,25.39
ORD101466,2024-02-15,Aarav Sharma,West Bengal,Durgapur,Home & Kitchen,Mixer Grinder,1,6329.71,10,5696.74,1374.84,Credit Card,Delivered,February,Q1,24.13
ORD101467,2024-05-22,Swati Kapoor,Delhi,Delhi,Clothing,T-Shirt,1,1797.04,10,1617.34,407.27,Cash on Delivery,Shipped,May,Q2,25.18
ORD101468,2024-08-27,Ananya Singh,Rajasthan,Udaipur,Electronics,Tablet,1,22214.65,20,17771.72,2357.91,UPI,Delivered,August,Q3,13.27
ORD101469,2024-03-29,Aarav Sharma,Delhi,Delhi,Clothing,Jacket,1,3941.49,5,3744.42,1175.36,UPI,Shipped,March,Q1,31.39
ORD101470,2024-08-07,Rohan Verma,Delhi,Delhi,Clothing,Saree,2,5739.87,5,10905.75,3420.82,Cash on Delivery,Returned,August,Q3,31.37
ORD101471,2024-11-18,Meera Iyer,Gujarat,Ahmedabad,Electronics,Laptop,2,73332.67,10,131998.81,18299.02,Credit Card,Shipped,November,Q4,13.86
ORD101472,2024-07-17,Kavya Nair,Tamil Nadu,Madurai,Clothing,Jeans,4,1923.52,5,7309.38,2286.37,Net Banking,Delivered,July,Q3,31.28
ORD101473,2024-04-06,Neha Gupta,Haryana,Gurugram,Home & Kitchen,Mixer Grinder,3,2170.18,10,5859.49,1292.28,Credit Card,Shipped,April,Q2,22.05
ORD101474,2024-02-03,Kiran Yadav,Punjab,Ludhiana,Clothing,Saree,2,3973.02,0,7946.04,2503.78,Cash on Delivery,Delivered,February,Q1,31.51
ORD101475,2024-11-18,Priya Das,Uttar Pradesh,Kanpur,Beauty,Makeup Kit,3,2210.08,10,5967.22,2178.55,Debit Card,Shipped,November,Q4,36.51
ORD101476,2024-12-25,Meera Iyer,Karnataka,Bengaluru,Home & Kitchen,Mixer Grinder,1,5151.87,15,4379.09,967.79,UPI,Delivered,December,Q4,22.1
ORD101477,2024-12-26,Sanjay Mehta,Odisha,Bhubaneswar,Clothing,Jacket,1,2810.86,10,2529.77,723.77,UPI,Delivered,December,Q4,28.61
ORD101478,2024-10-08,Vikram Shah,Uttar Pradesh,Agra,Home & Kitchen,Mixer Grinder,3,4145.24,5,11813.93,2837.2,UPI,Delivered,October,Q4,24.02
ORD101479,2024-02-05,Sneha Reddy,Telangana,Hyderabad,Clothing,T-Shirt,4,469.87,5,1785.51,392.2,Cash on Delivery,Delivered,February,Q1,21.97
ORD101480,2024-08-03,Priya Das,Uttar Pradesh,Kanpur,Clothing,Kurta,3,2140.64,10,5779.73,1614.45,Credit Card,Delivered,August,Q3,27.93
ORD101481,2024-09-07,Akash Roy,Andhra Pradesh,Visakhapatnam,Clothing,T-Shirt,4,1770.76,0,7083.04,2047.04,Credit Card,Delivered,September,Q3,28.9
ORD101482,2024-11-25,Swati Kapoor,Rajasthan,Jaipur,Clothing,Saree,2,5222.08,10,9399.74,2909.54,Credit Card,Delivered,November,Q4,30.95
ORD101483,2024-02-11,Priya Das,Telangana,Warangal,Sports,Cricket Bat,1,7515.09,5,7139.34,2012.08,Cash on Delivery,Delivered,February,Q1,28.18
ORD101484,2024-09-28,Arjun Patel,Rajasthan,Udaipur,Beauty,Hair Dryer,4,1663.89,15,5657.23,1849.86,Credit Card,Delivered,September,Q3,32.7
ORD101485,2024-01-13,Aditya Rao,Maharashtra,Pune,Electronics,Smart Watch,3,2229.83,5,6355.02,666.78,Credit Card,Delivered,January,Q1,10.49
ORD101486,2023-05-10,Aditya Rao,Uttar Pradesh,Lucknow,Clothing,T-Shirt,1,667.05,5,633.7,106.78,Credit Card,Cancelled,May,Q2,16.85
ORD101487,2024-11-14,Manish Jain,Rajasthan,Jaipur,Clothing,Saree,2,4798.72,15,8157.82,2496.75,UPI,Delivered,November,Q4,30.61
ORD101488,2024-03-28,Kiran Yadav,Tamil Nadu,Coimbatore,Clothing,Jeans,1,1848.32,5,1755.9,413.44,Cash on Delivery,Cancelled,March,Q1,23.55
ORD101489,2024-11-18,Divya Sahu,Madhya Pradesh,Indore,Home & Kitchen,Air Fryer,1,3870.16,15,3289.64,768.59,Net Banking,Shipped,November,Q4,23.36
ORD101490,2024-07-19,Swati Kapoor,Odisha,Bhubaneswar,Electronics,Smart Watch,4,5618.61,10,20227.0,2693.43,UPI,Delivered,July,Q3,13.32
ORD101491,2021-02-15,Swati Kapoor,Maharashtra,Pune,Electronics,Smart Watch,4,7239.82,10,26063.35,3491.71,Credit Card,Delivered,February,Q1,13.4
ORD101492,2024-07-20,Aarav Sharma,Madhya Pradesh,Indore,Clothing,T-Shirt,4,1301.09,0,5204.36,1459.39,Credit Card,Delivered,July,Q3,28.04
ORD101493,2024-06-22,Isha Joshi,Kerala,Kochi,Sports,Yoga Mat,4,1582.82,15,5381.59,1473.22,UPI,Shipped,June,Q2,27.38
ORD101494,2024-06-10,Aarav Sharma,Maharashtra,Nagpur,Clothing,Kurta,3,2397.79,15,6114.36,1805.37,Cash on Delivery,Delivered,June,Q2,29.53
ORD101495,2024-08-02,Priya Das,Maharashtra,Nagpur,Home & Kitchen,Air Fryer,1,8383.5,15,7125.98,1741.1,Debit Card,Cancelled,August,Q3,24.43
ORD101496,2024-05-09,Akash Roy,Uttar Pradesh,Kanpur,Clothing,T-Shirt,2,417.83,10,752.09,80.31,Debit Card,Delivered,May,Q2,10.68
ORD101497,2024-11-07,Kavya Nair,Tamil Nadu,Chennai,Beauty,Perfume,3,1646.41,15,4198.35,1507.53,UPI,Delivered,November,Q4,35.91
ORD101498,2025-12-03,Manish Jain,Kerala,Kochi,Home & Kitchen,Bedsheet,2,1650.01,10,2970.02,600.99,Credit Card,Returned,December,Q4,20.24
ORD101499,2024-04-21,Swati Kapoor,Gujarat,Vadodara,Home & Kitchen,Cookware Set,1,2827.7,10,2544.93,447.89,Cash on Delivery,Delivered,April,Q2,17.6
ORD101500,2024-09-26,Priya Das,Madhya Pradesh,Bhopal,Beauty,Hair Dryer,2,2195.77,10,3952.39,1335.5,Net Banking,Delivered,September,Q3,33.79
